year,recipient,other_mean,CTFP_mean,GTEP_mean,region_id,donor,countryname.x,country_code,region_name,income_group_id,income_group_name,implementing_agency_id,implementing_agency_acronym,channel_category_id,channel_category_name,dac_purpose_name,assistance_category_id,assistance_category_name,aid_type_group_id,USG_sector_id,USG_sector_name,Freq,gtd_change.x,aid_binary,aid_na,gtd_binary,gtd_na,fdiflows_UNCTAD,fdistocks_UNCTAD,dist_USA_CE,PHYSINT_CR,tpop_MC,milex_MC,milper_MC,autoc_P4,polity2_P4,durable_P4,oil_gas_value_2014_PTO,politterr_a_PTS,armed_WDI,pop_WDI_PW,gdp_WDI_PW,gdppc_WDI_PW,growth_WDI_PW,lnpop_WDI_PW,lngdp_WDI_PW,lngdppc_WDI_PW,nkill_sum.y,nwound_sum.y,muslim,correlation,FDI,distance,pop,gdp,v2x_corr_VDEM,v2x_pubcorr_VDEM,v2x_execorr_VDEM,corruption,mil,mil_mean,aid_hundred thousand_mean,Freq_mean,unemployment,CTFP,other_program,GTEP,CTFP_lag,indicator,extended_polity
2011,2,0,0,0,NA,NA,United States of America,NA,NA,NA,NA,NA,NA,NA,NA,NA,NA,NA,NA,NA,NA,10,0,0,NA,1,1,229862,3498726,0,6,314912,687000,1564,0,10,202,3.61E+11,3,1520100,311580009,1.52E+13,48862.42494,1.550835506,19.55716671,30.35393069,10.79676397,0,0,0,NA,2.29862,1.161073975,19.55716671,19.55716671,0.058,0.034,0.023,0.115,687000,659904,NA,29.27399381,8.949999809,1,0,0,1,2011002,10
2011,20,0,0.39,0,6,2,Canada,CAN,Western Hemisphere,4,High Income Country,7,DOD,1,Government,Security system management and reform,2,Military,3,1,Counter-Terrorism,0,0,1,1,0,NA,39669.29788,862698.335,548.3945923,7,34487,20081,66,0,10,123,1.52E+11,1,65700,34339328,1.66E+12,48466.85091,3.146881364,17.35180184,28.1404372,10.78863536,0,0,0,0.569505961,0.396692979,0.548394592,17.35180184,17.35180184,0.029,0.019,0.027,0.075,20081,19263,1.646508507,8.335820896,NA,1,0,0,1,2011020,10
2011,31,0,3.07444,0,6,2,Bahamas,BHS,Western Hemisphere,4,High Income Country,7,DOD,1,Government,Security system management and reform,2,Military,3,1,Counter-Terrorism,0,0,1,1,0,NA,1408.799445,14971.178,1770.892822,6,366,50,1,NA,NA,NA,0,2,850,359577,10157636656,28248.84978,0.612897452,12.79268362,23.04149164,10.24880802,0,0,0,0.219471871,0.014087994,1.770892822,12.79268362,12.79268362,NA,NA,NA,NA,50,52.5,1.646508507,8.335820896,NA,1,0,0,1,2011031,0
2011,40,0,0,0,6,NA,Cuba,NA,NA,NA,NA,NA,NA,NA,NA,NA,NA,NA,NA,NA,NA,0,0,0,NA,0,NA,NA,NA,2114.841064,4,11276,96,49,7,-7,50,2517100181,3,75500,11236670,66130664082,5885.254625,2.802300836,16.2346931,24.91489838,8.680205285,0,0,0,-0.313125471,NA,2.114841064,16.2346931,16.2346931,0.419,0.831,0.433,1.683,96,96,NA,29.27399381,NA,1,0,0,1,2011040,-7
2011,41,0,0,0,6,NA,Haiti,NA,NA,NA,NA,NA,NA,NA,NA,NA,NA,NA,NA,NA,NA,0,0,0,NA,0,NA,119,744.15,2475.965088,4,10033,-0.009,0,-77,0,0,0,1,50,10100320,6988353505,691.8942672,5.523740015,16.12807766,22.66751082,6.539433151,0,0,0,0.079814674,0.00119,2.475965088,16.12807766,16.12807766,0.875,0.852,0.75,2.477,NA,NA,NA,29.27399381,NA,0,0,0,1,2011041,0
2011,42,0,2.63907,0,6,2,Dominican Republic,DOM,Western Hemisphere,3,Upper Middle Income Country,7,DOD,1,Government,Security system management and reform,2,Military,3,1,Counter-Terrorism,0,0,1,1,0,NA,2276.7,21076,2508.954834,4,10148,342,25,0,8,15,0,3,39500,9813210,55547854957,5660.518317,3.133423005,16.09924,24.74051074,8.641270743,0,0,0,0.107814966,0.022767,2.508954834,16.09924,16.09924,0.846,0.773,0.759,2.378,342,352.5,1.646508507,8.335820896,6.090000153,1,0,0,0,2011042,8
2011,51,0,0.13416,0,6,2,Jamaica,JAM,Western Hemisphere,3,Upper Middle Income Country,7,DOD,1,Government,Security system management and reform,2,Military,3,1,Counter-Terrorism,0,0,1,1,0,NA,218.2,11110.4,2549.896484,5,2755,139,3,0,9,52,0,3,2830,2825929,13449322261,4759.25696,1.730376267,14.85434772,23.32219455,8.467846834,0,0,0,0.128060776,0.002182,2.549896484,14.85434772,14.85434772,0.16,0.178,0.157,0.495,139,139,1.646508507,8.335820896,12.69999981,1,0,0,1,2011051,9
2011,52,0,0.30744,0,6,2,Trinidad and Tobago,TTO,Western Hemisphere,4,High Income Country,7,DOD,1,Government,Security system management and reform,2,Military,3,1,Counter-Terrorism,0,0,1,1,0,NA,41.04745446,12816.41741,3569.324951,6,1333,379,4,0,10,49,10262683534,3,4050,1336178,22092725498,16534.26826,-0.294354409,14.10532386,23.81851423,9.713190371,0,0,0,0.101945458,0.000410475,3.569324951,14.10532386,14.10532386,0.179,0.19,0.219,0.588,379,419.5,1.646508507,8.335820896,3.430000067,1,0,0,1,2011052,10
2011,53,0,0.06,0,6,2,Barbados,BRB,Western Hemisphere,4,High Income Country,7,DOD,1,Government,Security system management and reform,2,Military,3,1,Counter-Terrorism,0,0,1,1,0,NA,458.3311553,5316.846365,3381.507324,7,282,33,1,NA,NA,NA,45711467.32,NA,610,282987,4493928870,15880.3368,-0.794701987,12.55315624,22.22599318,9.672836944,0,0,0,0.169361829,0.004583312,3.381507324,12.55315624,12.55315624,0.099,0.113,0.157,0.369,33,33,1.646508507,8.335820896,NA,1,0,0,1,2011053,0
2011,54,0,0,0,6,NA,Dominica,NA,NA,NA,NA,NA,NA,NA,NA,NA,NA,NA,NA,NA,NA,0,0,0,NA,0,NA,34.56334296,NA,3084.048584,8,71,0,0,NA,NA,NA,NA,NA,NA,70916,492719836.6,6947.936102,-0.22367684,11.16925136,20.01545129,8.846199931,0,0,0,0.11871834,0.000345633,3.084048584,11.16925136,11.16925136,NA,NA,NA,NA,0,0,NA,29.27399381,NA,0,0,0,1,2011054,0
2011,55,0,0,0,6,NA,Grenada,NA,NA,NA,NA,NA,NA,NA,NA,NA,NA,NA,NA,NA,NA,0,0,0,NA,0,NA,42.6481837,NA,3410.384521,6,105,0,0,NA,NA,NA,NA,NA,NA,106796,776911332,7274.723136,0.764976824,11.57867575,20.47083679,8.892161034,0,0,0,0.152792957,0.000426482,3.410384521,11.57867575,11.57867575,NA,NA,NA,NA,0,0,NA,29.27399381,NA,1,0,0,1,2011055,0
2011,56,0,0,0,6,NA,St. Lucia,NA,NA,NA,NA,NA,NA,NA,NA,NA,NA,NA,NA,NA,NA,0,0,0,NA,0,NA,96.41642778,NA,3232.884521,6,179,0,0,NA,NA,NA,NA,NA,NA,175544,1457121773,8300.607102,4.139375889,12.075645,21.09972894,9.024083936,0,0,0,0.200138459,0.000964164,3.232884521,12.075645,12.075645,NA,NA,NA,NA,0,0,NA,29.27399381,18.86000061,1,0,0,1,2011056,0
2011,57,0,0,0,6,NA,St. Vincent and the Grenadines,NA,NA,NA,NA,NA,NA,NA,NA,NA,NA,NA,NA,NA,NA,0,0,0,NA,0,NA,85.62386037,NA,3308.899902,6,109,0,0,NA,NA,NA,NA,NA,NA,108316,678369231.8,6262.871891,-0.419351482,11.59280816,20.33520229,8.742394127,0,0,0,0.184126354,0.000856239,3.308899902,11.59280816,11.59280816,NA,NA,NA,NA,0,0,NA,29.27399381,19.30999947,1,0,0,1,2011057,0
2011,58,0,0,0,6,NA,Antigua & Barbuda,NA,NA,NA,NA,NA,NA,NA,NA,NA,NA,NA,NA,NA,NA,0,0,0,NA,0,NA,65.1605963,NA,2876.398926,7,88,29,0,NA,NA,NA,NA,NA,180,89253,1126201417,12618.07913,-1.958612628,11.39923031,20.84211623,9.442885916,0,0,0,0.197594886,0.000651606,2.876398926,11.39923031,11.39923031,NA,NA,NA,NA,29,28.5,NA,29.27399381,NA,0,0,0,1,2011058,0
2011,60,0,0,0,6,NA,St. Kitts and Nevis,NA,NA,NA,NA,NA,NA,NA,NA,NA,NA,NA,NA,NA,NA,0,0,0,NA,0,NA,109.632707,NA,2827.367432,7,53,0,0,NA,NA,NA,NA,NA,NA,49447,774069593.8,15654.53099,1.828435302,10.80865667,20.46717234,9.658515674,0,0,0,0.080632588,0.001096327,2.827367432,10.80865667,10.80865667,NA,NA,NA,NA,0,0,NA,29.27399381,NA,1,0,0,1,2011060,0
2011,70,0,4.98684,0,6,2,Mexico,MEX,Western Hemisphere,3,Upper Middle Income Country,7,DOD,1,Government,Security system management and reform,2,Military,3,1,Counter-Terrorism,2,0,1,1,1,1,25221.352,383699.2336,3369.052734,2,119361,5051,280,0,8,14,1.19E+11,5,329750,115695473,1.10E+12,9477.887185,3.66300793,18.56647206,27.72318876,9.1567167,0,1,0,0.036706293,0.25221352,3.369052734,18.56647206,18.56647206,0.603,0.397,0.381,1.381,5051,5144,1.646508507,8.335820896,5.170000076,1,0,0,1,2011070,8
2011,80,0,0.58891,0,6,2,Belize,BLZ,Western Hemisphere,3,Upper Middle Income Country,7,DOD,1,Government,Security system management and reform,2,Military,3,1,Counter-Terrorism,0,0,1,1,0,NA,95.3485,1556.552699,2979.494873,7,316,16,1,NA,NA,NA,170967958.7,NA,1050,330237,1406962107,4260.461751,2.162606822,12.70756586,21.06469868,8.357132826,0,0,0,0.194861943,0.000953485,2.979494873,12.70756586,12.70756586,NA,NA,NA,NA,16,16,1.646508507,8.335820896,NA,1,0,0,1,2011080,0
2011,90,0,1.05098,0,6,2,Guatemala,GTM,Western Hemisphere,3,Upper Middle Income Country,7,DOD,1,Government,Security system management and reform,2,Military,3,1,Counter-Terrorism,0,0,1,1,0,NA,1026.095,7751.2,3318.143311,5,14707,200,15,0,8,15,470161886.4,2,42300,14948803,43058516762,2880.39897,4.16204894,16.52014179,24.48582588,7.965684095,0,0,0,0.11780371,0.01026095,3.318143311,16.52014179,16.52014179,0.797,0.773,0.679,2.249,200,206,1.646508507,8.335820896,NA,1,0,0,1,2011090,8
2011,91,0,2.10281,0,6,2,Honduras,HND,Western Hemisphere,2,Lower Middle Income Country,7,DOD,1,Government,Security system management and reform,2,Military,3,1,Counter-Terrorism,1,0,1,1,1,1,1014.3,7965.291016,3234.232422,3,7777,141,12,0,7,29,0,2,20000,8480671,16446892853,1939.338627,3.835690662,15.95330013,23.52340241,7.57010228,2,0,0,0.177117481,0.010143,3.234232422,15.95330013,15.95330013,0.876,0.861,0.842,2.579,141,146,1.646508507,8.335820896,NA,1,0,0,1,2011091,7
2011,92,0,2.21812,0,6,2,El Salvador,SLV,Western Hemisphere,2,Lower Middle Income Country,7,DOD,1,Government,Security system management and reform,2,Military,3,1,Counter-Terrorism,0,0,1,1,0,NA,218.5,7494.9,3355.770752,4,6256,146,16,0,8,27,0,2,32300,6210568,19152170564,3083.803376,3.817056396,15.64176292,23.67568189,8.033918976,0,0,0,0.114263325,0.002185,3.355770752,15.64176292,15.64176292,0.729,0.646,0.61,1.985,146,145.5,1.646508507,8.335820896,4.300000191,1,0,0,1,2011092,8
2011,93,0,0.1395,0,6,2,Nicaragua,NIC,Western Hemisphere,2,Lower Middle Income Country,7,DOD,1,Government,Security system management and reform,2,Military,3,1,Counter-Terrorism,0,0,1,1,0,NA,936.3,5616.9,3408.012451,4,5905,54,12,0,9,21,0,2,12000,5903039,9311896894,1577.475076,6.316709606,15.59097786,22.95455866,7.363580794,0,0,0,0.099040235,0.009363,3.408012451,15.59097786,15.59097786,0.792,0.697,0.752,2.241,54,60,1.646508507,8.335820896,6.449999809,1,0,0,1,2011093,9
2011,94,0,0,0,6,NA,Costa Rica,NA,NA,NA,NA,NA,NA,NA,NA,NA,NA,NA,NA,NA,NA,0,0,0,NA,0,NA,2461.4832,18095.61402,3564.900391,6,4738,271,0,0,10,92,0,NA,9800,4633086,38873811118,8390.479071,4.30710166,15.34873373,24.38358662,9.034852898,0,0,0,0.164290763,0.024614832,3.564900391,15.34873373,15.34873373,0.168,0.184,0.164,0.516,271,310,NA,29.27399381,NA,0,0,0,1,2011094,10
2011,95,0,2.53237,0,6,2,Panama,PAN,Western Hemisphere,4,High Income Country,7,DOD,1,Government,Security system management and reform,2,Military,3,1,Counter-Terrorism,0,0,1,1,0,NA,3152.7,23898.8,3580.789063,7,3740,490,0,0,9,22,0,1,12000,3706483,32771096568,8841.561277,11.31373175,15.12559401,24.21281276,9.087218755,0,0,0,0.159505391,0.031527,3.580789063,15.12559401,15.12559401,0.587,0.371,0.453,1.411,490,520.5,1.646508507,8.335820896,2.309999943,1,0,0,1,2011095,9
2011,100,0,10.72186,0,6,2,Colombia,COL,Western Hemisphere,3,Upper Middle Income Country,7,DOD,1,Government,Security system management and reform,2,Military,3,1,Counter-Terrorism,94,0,1,1,1,1,14646.78,97364.433,4021.171143,1,47079,5626,283,0,7,54,43762888714,5,440224,45663099,3.07E+11,6726.834686,7.362530914,17.63680107,26.45066105,8.813859983,43,85,0,0.13442265,0.1464678,4.021171143,17.63680107,17.63680107,0.565,0.513,0.28,1.358,5626,5916,1.646508507,8.335820896,10.10999966,1,0,0,1,2011100,7
2011,101,0,0,0,6,NA,Venezuela,NA,NA,NA,NA,NA,NA,NA,NA,NA,NA,NA,NA,NA,NA,0,0,0,NA,0,NA,5740,40206,3428.630127,3,29501,2384,115,4,-3,2,1.07E+11,3,115000,28888369,4.10E+11,14179.19231,4.176425359,17.17894962,26.73848045,9.559530839,0,0,0,-0.037085645,0.0574,3.428630127,17.17894962,17.17894962,0.937,0.894,0.936,2.767,2384,4675,NA,29.27399381,6.900000095,1,0,0,1,2011101,-3
2011,110,0,0.06,0,6,2,Guyana,GUY,Western Hemisphere,3,Upper Middle Income Country,7,DOD,1,Government,Security system management and reform,2,Military,3,1,Counter-Terrorism,0,0,1,1,0,NA,246.8,2030.546,4096.591309,6,791,32,1,0,6,19,0,2,1100,752028,2391343162,3179.85921,5.196059258,13.53052884,21.59512104,8.064592201,0,0,0,0.076097015,0.002468,4.096591309,13.53052884,13.53052884,0.649,0.648,0.748,2.045,32,32.5,1.646508507,8.335820896,12.35000038,1,0,0,1,2011110,6
2011,115,0,0.14551,0,6,2,Suriname,SUR,Western Hemisphere,3,Upper Middle Income Country,7,DOD,1,Government,Security system management and reform,2,Military,3,1,Counter-Terrorism,0,0,1,1,0,NA,69.7913232,859.0192899,4309.072266,6,530,55,2,1,5,20,683871834.7,NA,1840,535179,4623921716,8639.953578,5.849367784,13.19035655,22.25450904,9.064152489,0,0,0,0.159177047,0.000697913,4.309072266,13.19035655,13.19035655,0.271,0.426,0.241,0.938,55,55,1.646508507,8.335820896,7.539999962,1,0,0,1,2011115,5
2011,130,0,0.63039,0,6,2,Ecuador,ECU,Western Hemisphere,3,Upper Middle Income Country,7,DOD,1,Government,Security system management and reform,2,Military,3,1,Counter-Terrorism,1,0,1,1,1,1,644.06,12500.259,4584.072754,4,15246,1506,58,0,5,11,21549135344,2,58983,15243883,75028081292,4921.848409,7.868140919,16.53968887,25.0411283,8.501439432,0,0,0,0.040367417,0.0064406,4.584072754,16.53968887,16.53968887,0.631,0.412,0.618,1.661,1506,1507.5,1.646508507,8.335820896,3.460000038,1,0,0,1,2011130,5
2011,135,0,0.91922,0,6,2,Peru,PER,Western Hemisphere,3,Upper Middle Income Country,7,DOD,1,Government,Security system management and reform,2,Military,3,1,Counter-Terrorism,0,0,1,1,0,NA,7341.12,50316.97922,5890.552734,5,29615,2034,115,0,9,10,5594500263,2,192000,29264318,1.57E+11,5360.226632,6.327192402,17.19187952,25.77864105,8.586761535,0,0,0,0.120525475,0.0734112,5.890552734,17.19187952,17.19187952,0.555,0.446,0.293,1.294,2034,2341,1.646508507,8.335820896,3.269999981,1,0,0,1,2011135,9
2011,140,0,1.47835,0,6,2,Brazil,BRA,Western Hemisphere,3,Upper Middle Income Country,7,DOD,1,Government,Security system management and reform,2,Military,3,1,Counter-Terrorism,0,0,1,1,0,NA,96152.374,695505,7694.307129,2,196935,36822,318,0,8,26,93563092490,4,713480,197514534,2.30E+12,11627.81065,3.974425406,19.10132273,28.46247771,9.361154978,0,0,0,0.119067707,0.96152374,7.694307129,19.10132273,19.10132273,0.558,0.429,0.627,1.614,36822,36044,1.646508507,8.335820896,6.920000076,1,0,0,1,2011140,8
2011,145,0,0,0,6,NA,Bolivia,NA,NA,NA,NA,NA,NA,NA,NA,NA,NA,NA,NA,NA,NA,0,0,0,NA,0,NA,858.9410704,7748.917265,6400.356934,5,10324,298,46,0,7,29,3920292177,2,83200,10212954,20672217125,2024.117324,5.204095947,16.13916747,23.75205647,7.612888995,0,0,0,0.079899772,0.008589411,6.400356934,16.13916747,16.13916747,0.729,0.593,0.631,1.953,298,317,NA,29.27399381,NA,1,0,0,1,2011145,7
2011,150,0,0.70693,0,6,2,Paraguay,PRY,Western Hemisphere,3,Upper Middle Income Country,7,DOD,1,Government,Security system management and reform,2,Military,3,1,Counter-Terrorism,4,0,1,1,1,1,581.242,3906.025,7537.520508,6,6573,233,11,1,8,19,0,2,25450,6333976,28372405344,4479.398934,4.249111045,15.66143872,24.06868287,8.40724415,0,4,0,0.173859061,0.00581242,7.537520508,15.66143872,15.66143872,0.761,0.607,0.684,2.052,233,282.5,1.646508507,8.335820896,4.670000076,1,0,0,1,2011150,8
2011,155,0,1.27064,0,6,2,Chile,CHL,Western Hemisphere,4,High Income Country,7,DOD,1,Government,Security system management and reform,2,Military,3,1,Counter-Terrorism,6,0,1,1,1,1,21657.66785,174016.8492,8271.044922,5,17308,4254,59,0,10,22,434922085.5,2,103750,17233576,2.32E+11,13455.83781,6.110918829,16.66237013,26.16953846,9.507168329,0,1,0,0.123485875,0.216576679,8.271044922,16.66237013,16.66237013,0.069,0.089,0.051,0.209,4254,4264,1.646508507,8.335820896,NA,1,0,0,1,2011155,10
2011,160,0,0.1,0,6,2,Argentina,ARG,Western Hemisphere,4,High Income Country,7,DOD,1,Government,Security system management and reform,2,Military,3,1,Counter-Terrorism,1,0,1,1,1,1,10839.931,92294.997,8542.694336,5,40729,4067,73,0,8,28,31745551302,2,104350,41261490,4.49E+11,10883.31536,6.003951693,17.53544018,26.83042637,9.294986195,0,0,0,0.14640598,0.10839931,8.542694336,17.53544018,17.53544018,0.595,0.315,0.597,1.507,4067,4462.5,1.646508507,8.335820896,NA,1,0,0,1,2011160,8
2011,165,0,0.25509,0,6,2,Uruguay,URY,Western Hemisphere,4,High Income Country,7,DOD,1,Government,Security system management and reform,2,Military,3,1,Counter-Terrorism,0,0,1,1,0,NA,2504.112903,15146.73706,8617.353516,7,3383,484,25,0,10,26,0,1,25450,3368934,42364020184,12574.90357,5.162133022,15.03010693,24.46956526,9.439458327,0,0,0,0.187985111,0.025041129,8.617353516,15.03010693,15.03010693,0.038,0.076,0.029,0.143,484,472,1.646508507,8.335820896,6.309999943,1,0,0,1,2011165,10
2011,200,0,0.06,0,2,2,United Kingdom,GBR,Europe and Eurasia,4,High Income Country,7,DOD,1,Government,Security system management and reform,2,Military,3,1,Counter-Terrorism,47,0,1,1,1,1,42200.40023,1157504.225,5570.161133,7,62427,59978,178,0,10,131,7944619605,1,165650,63258918,2.51E+12,39731.42145,1.540147368,17.96274667,28.5526443,10.58989763,1,3,0,0.574600589,0.422004002,5.570161133,17.96274667,17.96274667,0.046,0.032,0.041,0.119,59978,60626,12.06625411,19.28389831,NA,1,0,0,1,2011200,10
2011,205,0,0,0,2,NA,Ireland,NA,NA,NA,NA,NA,NA,NA,NA,NA,NA,NA,NA,NA,NA,4,0,0,NA,1,1,23544.70324,290494.8781,5117.71582,6,4523,1320,10,0,10,90,51520458.32,1,8900,4580084,2.23E+11,48669.7857,0.343440795,15.3372279,26.1300416,10.7928137,1,0,0,0.375922512,0.235447032,5.11771582,15.3372279,15.3372279,0.047,0.046,0.052,0.145,1320,1234.5,NA,29.27399381,NA,1,0,0,1,2011205,10
2011,210,0,0.17845,0,2,2,Netherlands,NLD,Europe and Eurasia,4,High Income Country,7,DOD,1,Government,Security system management and reform,2,Military,3,1,Counter-Terrorism,2,0,1,1,1,1,24155.80624,610677.1369,5866.045898,8,16666,11659,37,0,10,66,12539123737,1,43300,16693074,8.60E+11,51499.59579,1.551189252,16.63050446,27.4798337,10.84932924,0,0,0,0.512582455,0.241558062,5.866045898,16.63050446,16.63050446,0.02,0.031,0.021,0.072,11659,11017.5,12.06625411,19.28389831,4.980000019,1,0,0,1,2011210,10
2011,211,0,0.11049,0,2,2,Belgium,BEL,Europe and Eurasia,4,High Income Country,7,DOD,1,Government,Security system management and reform,2,Military,3,1,Counter-Terrorism,0,0,1,1,0,NA,78257.60577,942817.3647,5891.711426,8,11007,5546,38,0,8,67,0,1,34050,11038264,4.89E+11,44309.62537,1.694497446,16.21687834,26.91583555,10.69895721,0,0,0,0.498273937,0.782576058,5.891711426,16.21687834,16.21687834,0.028,0.03,0.029,0.087,5546,5406,12.06625411,19.28389831,NA,1,0,0,1,2011211,8
2011,212,0,0,0,2,NA,Luxembourg,NA,NA,NA,NA,NA,NA,NA,NA,NA,NA,NA,NA,NA,NA,0,0,0,NA,0,NA,8843.156717,225724.8539,6062.731445,8,516,279,1,0,10,66,148494.9041,NA,1510,518347,54563666585,105264.7485,2.539234883,13.15840018,24.72263405,11.56423387,0,0,0,NA,0.088431567,6.062731445,13.15840018,13.15840018,0.071,0.054,0.02,0.145,279,273,NA,29.27399381,NA,1,0,0,1,2011212,10
2011,220,0,0.06,0,2,2,France,FRA,Europe and Eurasia,4,High Income Country,7,DOD,1,Government,Security system management and reform,2,Military,3,1,Counter-Terrorism,8,0,1,1,1,1,31641.9056,698871.113,5838.157227,7,63582,53475,239,0,9,42,928386408.3,2,332250,65342780,2.70E+12,41329.03537,2.192700652,17.99515751,28.62447808,10.62932057,0,0,0,0.458882026,0.316419056,5.838157227,17.99515751,17.99515751,0.073,0.054,0.11,0.237,53475,51879,12.06625411,19.28389831,NA,1,0,0,1,2011220,9
2011,221,0,0,0,2,NA,Monaco,NA,NA,NA,NA,NA,NA,NA,NA,NA,NA,NA,NA,NA,NA,0,0,0,NA,0,NA,NA,NA,NA,8,37,0,0,NA,NA,NA,NA,NA,NA,36024,5738034437,159283.6564,7,10.49194066,22.47038256,11.97844189,0,0,0,0.222558829,NA,NA,10.49194066,10.49194066,NA,NA,NA,NA,0,0,NA,29.27399381,NA,1,0,0,1,2011221,0
2011,223,0,0,0,2,NA,Liechtenstein,NA,NA,NA,NA,NA,NA,NA,NA,NA,NA,NA,NA,NA,NA,0,0,0,NA,0,NA,NA,NA,NA,8,36,0,0,NA,NA,NA,NA,NA,NA,36293,NA,NA,NA,10.49938016,NA,NA,0,0,0,0.251088272,NA,NA,10.49938016,10.49938016,NA,NA,NA,NA,0,0,NA,29.27399381,NA,0,0,0,1,2011223,0
2011,225,0,0.15,0,2,2,Switzerland,CHE,Europe and Eurasia,4,High Income Country,7,DOD,1,Government,Security system management and reform,2,Military,3,1,Counter-Terrorism,3,0,1,1,1,1,26414.90295,720565.851,6272.285156,7,7915,5431,26,0,10,163,1187791.062,1,23100,7912398,5.94E+11,75029.77006,1.69275218,15.88394145,27.1095817,11.22564025,0,2,0,0.204959372,0.26414903,6.272285156,15.88394145,15.88394145,0.026,0.032,0.024,0.082,5431,5011,12.06625411,19.28389831,4.400000095,1,0,0,0,2011225,10
2011,230,0,0.34098,0,2,2,Spain,ESP,Europe and Eurasia,4,High Income Country,7,DOD,1,Government,Security system management and reform,2,Military,3,1,Counter-Terrorism,0,0,1,1,0,NA,28379.20667,628949.9405,5770.26416,5,46514,15163,142,0,10,33,100347662.6,2,215700,46742697,1.41E+12,30146.99924,-0.814373455,17.66016859,27.97400926,10.31384067,0,0,0,0.385752789,0.283792067,5.77026416,17.66016859,17.66016859,0.046,0.042,0.038,0.126,15163,14545,12.06625411,19.28389831,NA,1,0,0,1,2011230,10
2011,232,0,0,0,2,NA,Andorra,NA,NA,NA,NA,NA,NA,NA,NA,NA,NA,NA,NA,NA,NA,0,0,0,NA,0,NA,NA,NA,6064.699219,8,78,0,0,NA,NA,NA,NA,NA,NA,83747,3199771534,38207.59591,-4.646543052,11.33555563,21.88634525,10.55078962,0,0,0,0.233553438,NA,6.064699219,11.33555563,11.33555563,NA,NA,NA,NA,0,0,NA,29.27399381,NA,1,0,0,1,2011232,0
2011,235,0,0.33423,0,2,2,Portugal,PRT,Europe and Eurasia,4,High Income Country,7,DOD,1,Government,Security system management and reform,2,Military,3,1,Counter-Terrorism,2,0,1,1,1,1,7428.158559,103760.4615,5425.189453,7,10598,2878,43,0,10,35,0,2,90300,10557560,2.34E+11,22149.63058,-1.696165744,16.17235275,26.17792885,10.0055761,0,0,0,0.367347103,0.074281586,5.425189453,16.17235275,16.17235275,0.118,0.12,0.084,0.322,2878,2759,12.06625411,19.28389831,12.68000031,1,0,0,1,2011235,10
2011,255,0,0.4306,0,2,2,Germany,DEU,Europe and Eurasia,4,High Income Country,7,DOD,1,Government,Security system management and reform,2,Military,3,1,Counter-Terrorism,8,0,1,1,1,1,67513.66432,997726.617,6035.334473,7,82893,46022,251,0,10,21,3678327765,1,196000,80274983,3.53E+12,43969.25928,3.924133418,18.20096859,28.8922146,10.69124602,2,2,0,0.269609456,0.675136643,6.035334473,18.20096859,18.20096859,0.016,0.011,0.022,0.049,46022,43508,12.06625411,19.28389831,NA,1,0,0,1,2011255,10
2011,290,0,2.22238,29,2,2,Poland,POL,Europe and Eurasia,4,High Income Country,7,DOD,1,Government,Security system management and reform,2,Military,3,1,Counter-Terrorism,0,0,1,1,0,NA,15925.13965,164424.4162,6855.422363,6,38205,9227,100,0,10,20,1464085211,1,118050,38063255,5.03E+11,13224.56909,5.0172352,17.45475994,26.94459161,9.489831673,0,0,0,-0.035648001,0.159251397,6.855422363,17.45475994,17.45475994,0.105,0.139,0.1,0.344,9227,8885,12.06625411,19.28389831,9.630000114,1,0,1,1,2011290,10
2011,305,0,0.07611,0,2,2,Austria,AUT,Europe and Eurasia,4,High Income Country,7,DOD,1,Government,Security system management and reform,2,Military,3,1,Counter-Terrorism,1,0,1,1,1,1,10615.65013,152769.5292,6798.700684,7,8433,3433,26,0,10,65,1018524694,1,23250,8391643,4.03E+11,48065.31654,2.922797284,15.94274689,26.72306301,10.78031613,0,0,0,0.381101516,0.106156501,6.798700684,15.94274689,15.94274689,0.091,0.111,0.08,0.282,3433,3332.5,12.06625411,19.28389831,NA,1,0,0,1,2011305,10
2011,310,0,2.37524,29,2,2,Hungary,HUN,Europe and Eurasia,4,High Income Country,7,DOD,1,Government,Security system management and reform,2,Military,3,1,Counter-Terrorism,0,0,1,1,0,NA,6300.12154,85330.95466,7011.543457,6,9996,1330,30,0,10,21,965973286.1,1,38500,9971727,1.34E+11,13389.95963,1.819079958,16.11526435,25.61752477,9.502260424,0,0,0,0.058171205,0.063001215,7.011543457,16.11526435,16.11526435,0.423,0.207,0.608,1.238,1330,1326.5,12.06625411,19.28389831,11.02999973,1,0,1,1,2011310,10
2011,316,0,1.11563,117,2,2,Czech Republic,CZE,Europe and Eurasia,4,High Income Country,7,DOD,1,Government,Security system management and reform,2,Military,3,1,Counter-Terrorism,1,0,1,1,1,1,2317.553784,120569.2775,6573.924805,8,10611,2513,23,0,9,18,159175240.6,1,26750,10496088,2.11E+11,20118.58781,1.777833186,16.16651317,26.07591261,9.909399434,0,0,0,0.255709582,0.023175538,6.573924805,16.16651317,16.16651317,0.249,0.262,0.331,0.842,2513,2316.5,12.06625411,19.28389831,NA,1,0,1,1,2011316,9
2011,317,0,1.22239,2.75,2,2,Slovakia,SVK,Europe and Eurasia,4,High Income Country,7,DOD,1,Government,Security system management and reform,2,Military,3,1,Counter-Terrorism,0,0,1,1,0,NA,3491.285944,51980.4414,6852.755371,7,5440,1062,17,0,10,18,27850002.68,1,15850,5398384,92767255672,17184.26397,2.864442948,15.50161021,25.25335957,9.751749359,0,0,0,0.249857866,0.034912859,6.852755371,15.50161021,15.50161021,0.351,0.253,0.205,0.809,1062,1039,12.06625411,19.28389831,13.61999989,0,0,1,1,2011317,10
2011,325,0,0.1413,0,2,2,Italy,ITA,Europe and Eurasia,4,High Income Country,7,DOD,1,Government,Security system management and reform,2,Military,3,1,Counter-Terrorism,5,0,1,1,1,1,34323.80396,355126.4982,6895.106934,6,60729,30251,185,0,10,63,5493524327,2,367550,59379449,2.15E+12,36192.86638,0.707333347,17.89945875,28.39607606,10.49661732,2,5,0,0.470172031,0.34323804,6.895106934,17.89945875,17.89945875,0.255,0.186,0.093,0.534,30251,28373.5,12.06625411,19.28389831,NA,1,0,0,1,2011325,10
2011,331,0,0,0,2,NA,San Marino,NA,NA,NA,NA,NA,NA,NA,NA,NA,NA,NA,NA,NA,NA,0,0,0,NA,0,NA,NA,NA,6777.457031,8,31,0,0,NA,NA,NA,NA,NA,NA,31661,1937142143,61183.85846,-9.440104167,10.36284092,21.3844796,11.02163868,0,0,0,0.2233414,NA,6.777457031,10.36284092,10.36284092,NA,NA,NA,NA,0,0,NA,29.27399381,NA,1,0,0,1,2011331,0
2011,338,0,0,47,2,2,Malta,MLT,Europe and Eurasia,4,High Income Country,7,DOD,1,Government,Security system management and reform,2,Military,3,1,Counter-Terrorism,0,0,1,1,0,NA,21875.92885,146146.2529,7403.356934,7,426,56,2,NA,NA,NA,0,1,2120,416268,8863536452,21292.86049,1.307152749,12.93908456,22.90521167,9.966127107,0,0,0,0.282706956,0.218759289,7.403356934,12.93908456,12.93908456,0.191,0.118,0.347,0.656,56,53,12.06625411,19.28389831,6.380000114,0,0,1,1,2011338,0
2011,339,0,0.63418,3.05,2,2,Albania,ALB,Europe and Eurasia,3,Upper Middle Income Country,7,DOD,1,Government,Security system management and reform,2,Military,3,1,Counter-Terrorism,0,0,1,1,0,NA,876.2683237,4399.132052,7439.631348,6,3154,195,14,0,9,14,666114439.3,2,14750,2905195,12230542522,4209.886951,2.545322651,14.88201107,23.22720215,8.345191074,0,0,1,0.06830483,0.008762683,7.439631348,14.88201107,14.88201107,0.796,0.681,0.737,2.214,195,190,12.06625411,19.28389831,NA,0,0,1,0,2011339,9
2011,341,0,0.53015,0,2,2,NA,MNE,Europe and Eurasia,3,Upper Middle Income Country,7,DOD,1,Government,Security system management and reform,2,Military,3,1,Counter-Terrorism,0,0,1,1,0,NA,558.0527,4209.441074,NA,7,621,80,3,0,9,5,0,1,12180,620079,4272823815,6890.773296,3.228450387,13.33760217,22.17554076,8.837938592,0,0,0,0.179267742,0.005580527,NA,13.33760217,13.33760217,0.608,0.57,0.731,1.909,80,66,12.06625411,19.28389831,19.67000008,1,0,0,1,2011341,9
2011,343,0,3.08338,0,2,2,Macedonia,MKD,Europe and Eurasia,3,Upper Middle Income Country,7,DOD,1,Government,Security system management and reform,2,Military,3,1,Counter-Terrorism,0,0,1,1,0,NA,478.7696893,4677.559168,7509.486328,4,2104,130,8,0,9,9,0,2,8000,2072487,9627285730,4645.281601,2.339886045,14.54425989,22.98786717,8.443607274,0,0,0,0.232242315,0.004787697,7.509486328,14.54425989,14.54425989,0.677,0.459,0.78,1.916,130,129.5,12.06625411,19.28389831,31.37999916,1,0,0,1,2011343,9
2011,344,0,4.2722,52,2,2,Croatia,HRV,Europe and Eurasia,4,High Income Country,7,DOD,1,Government,Security system management and reform,2,Military,3,1,Counter-Terrorism,0,0,1,1,0,NA,1698.689113,28206.47424,6909.169434,8,4324,776,19,0,9,11,799911684.4,1,21600,4280622,59622653172,13928.50225,-0.309847287,15.26960888,24.81130143,9.541692541,0,0,0,0.245455844,0.016986891,6.909169434,15.26960888,15.26960888,0.349,0.317,0.227,0.893,776,801.5,12.06625411,19.28389831,NA,1,0,0,1,2011344,9
2011,345,0,0,0,2,NA,Yugoslavia,NA,NA,NA,NA,NA,NA,NA,NA,NA,NA,NA,NA,NA,NA,0,0,0,NA,0,NA,5466.601137,3009.682257,7266.375977,7,9597,972,29,1,8,5,800751044.4,2,28150,7234099,42671028408,5898.596136,2.036275789,15.79431638,24.47678604,8.682469659,0,0,0,-0.051037376,0.054666011,7.266375977,15.79431638,15.79431638,0.698,0.674,0.542,1.914,972,906.5,NA,29.27399381,NA,0,0,0,1,2011345,8
2011,346,0,2.06269,0,2,2,Bosnia and Herzegovina,BIH,Europe and Eurasia,3,Upper Middle Income Country,7,DOD,1,Government,Security system management and reform,2,Military,3,1,Counter-Terrorism,1,0,1,1,1,1,496.5250828,7127.27808,7188.322754,6,3839,246,11,-66,NA,0,0,1,10550,3661175,17332789319,4734.214922,0.908249218,15.11329469,23.57586588,8.462571189,0,1,0,0.210844254,0.004965251,7.188322754,15.11329469,15.11329469,0.699,0.773,0.685,2.157,246,238.5,12.06625411,19.28389831,NA,1,0,0,0,2011346,0
2011,347,0,2.25817,0,2,2,Kosovo,CS-KM,Europe and Eurasia,2,Lower Middle Income Country,7,DOD,1,Government,Security system management and reform,2,Military,3,1,Counter-Terrorism,1,0,1,1,1,1,NA,NA,NA,NA,NA,NA,NA,NA,NA,NA,NA,NA,NA,NA,NA,NA,NA,NA,NA,NA,0,0,1,NA,NA,NA,NA,NA,NA,NA,NA,NA,NA,NA,12.06625411,19.28389831,NA,1,0,0,1,2011347,0
2011,349,0,1.27379,3.95,2,2,Slovenia,SVN,Europe and Eurasia,4,High Income Country,7,DOD,1,Government,Security system management and reform,2,Military,3,1,Counter-Terrorism,0,0,1,1,0,NA,1087.41581,11489.94963,6796.300781,8,2062,665,8,0,10,20,510657.7137,1,12100,2052843,48576077780,23662.83139,0.861329049,14.53473622,24.60639702,10.0716608,0,0,0,0.25532835,0.010874158,6.796300781,14.53473622,14.53473622,0.351,0.108,0.214,0.673,665,587,12.06625411,19.28389831,8.170000076,1,0,0,1,2011349,10
2011,350,0,1.07622,0,2,2,Greece,GRC,Europe and Eurasia,4,High Income Country,7,DOD,1,Government,Security system management and reform,2,Military,3,1,Counter-Terrorism,11,0,1,1,1,1,1143.135527,29059.70962,7929.328125,6,11119,8520,139,0,10,36,75718389.77,2,148350,11104899,2.72E+11,24495.71114,-9.13249413,16.22289692,26.32915025,10.10625333,0,5,0,0.371509459,0.011431355,7.929328125,16.22289692,16.22289692,0.379,0.376,0.333,1.088,8520,6724.5,12.06625411,19.28389831,NA,1,0,0,1,2011350,10
2011,352,0,0,0,2,NA,Cyprus,NA,NA,NA,NA,NA,NA,NA,NA,NA,NA,NA,NA,NA,NA,0,0,0,NA,0,NA,-11725.32876,177652.7079,8790.810547,7,1117,511,10,0,10,37,0,1,12750,1124833,25835732467,22968.50507,0.401437941,13.93314514,23.97502435,10.04187921,0,0,0,0.211557003,-0.117253288,8.790810547,13.93314514,13.93314514,0.143,0.165,0.163,0.471,511,480.5,NA,29.27399381,NA,1,0,0,1,2011352,10
2011,355,0,4.94943,4.4,2,2,Bulgaria,BGR,Europe and Eurasia,3,Upper Middle Income Country,7,DOD,1,Government,Security system management and reform,2,Military,3,1,Counter-Terrorism,2,0,1,1,1,1,2052.255145,45679.4724,7588.90332,5,7333,720,31,0,9,21,103947998.7,2,47300,7348328,51579193177,7019.174046,1.914905853,15.80998336,24.6663842,8.856400833,0,0,0,0.039827035,0.020522551,7.58890332,15.80998336,15.80998336,0.581,0.542,0.375,1.498,720,721.5,12.06625411,19.28389831,NA,1,0,0,1,2011355,9
2011,359,0,0.39085,0,2,2,Moldova,MDA,Europe and Eurasia,2,Lower Middle Income Country,7,DOD,1,Government,Security system management and reform,2,Military,3,1,Counter-Terrorism,0,0,1,1,0,NA,334.72,3428.62,7650.43457,5,3543,21,5,0,9,20,0,3,7750,3559986,7380775230,2073.259622,5.818166405,15.08526717,22.72214451,7.636877345,0,0,0,0.239540663,0.0033472,7.65043457,15.08526717,15.08526717,0.698,0.559,0.603,1.86,21,21.5,12.06625411,19.28389831,6.679999828,1,0,0,1,2011359,9
2011,360,0,3.66926,73,2,2,Romania,ROU,Europe and Eurasia,3,Upper Middle Income Country,7,DOD,1,Government,Security system management and reform,2,Military,3,1,Counter-Terrorism,0,0,1,1,0,NA,2362.92234,69512.47126,7656.177734,6,21809,2315,72,0,9,15,5288048086,2,151300,20147528,1.70E+11,8415.999185,2.007156244,16.81859216,25.856482,9.037889838,0,0,0,0.112580412,0.023629223,7.656177734,16.81859216,16.81859216,0.655,0.644,0.618,1.917,2315,2263,12.06625411,19.28389831,7.179999828,1,0,0,1,2011360,9
2011,365,0,0.26084,0,2,2,Russia,RUS,Europe and Eurasia,3,Upper Middle Income Country,7,DOD,1,Government,Security system management and reform,2,Military,3,1,Counter-Terrorism,188,0,1,1,1,1,36867.773,408942,7517.972168,0,143438,51594,1046,1,4,11,5.20E+11,4,1364000,142960868,1.59E+12,11125.3477,4.300029186,18.7780815,28.09506286,9.316981361,160,0,0,-0.261441586,0.36867773,7.517972168,18.7780815,18.7780815,0.813,0.827,0.769,2.409,51594,55179.5,12.06625411,19.28389831,6.539999962,1,0,0,1,2011365,4
2011,366,0,1.90161,35,2,2,Estonia,EST,Europe and Eurasia,4,High Income Country,7,DOD,1,Government,Security system management and reform,2,Military,3,1,Counter-Terrorism,1,0,1,1,1,1,1004.599954,16349.65589,6653.480469,7,1294,390,6,0,9,11,0,NA,5750,1327439,21149912286,15932.86945,7.441584819,14.09876208,23.7749016,9.676139515,1,0,0,0.261648281,0.010046,6.653480469,14.09876208,14.09876208,0.036,0.04,0.036,0.112,390,413.5,12.06625411,19.28389831,NA,1,0,0,1,2011366,9
2011,367,0,0.68453,85,2,2,Latvia,LVA,Europe and Eurasia,4,High Income Country,7,DOD,1,Government,Security system management and reform,2,Military,3,1,Counter-Terrorism,0,0,1,1,0,NA,1453.190706,12110.61037,6759.197754,6,2073,297,6,0,8,20,0,NA,5350,2059709,25291732562,12279.27468,6.285118615,14.53807527,23.9537434,9.415668134,0,0,0,0.263782703,0.014531907,6.759197754,14.53807527,14.53807527,0.147,0.129,0.082,0.358,297,276.5,12.06625411,19.28389831,16.20999908,1,0,0,0,2011367,8
2011,368,0,1.70674,57,2,2,Lithuania,LTU,Europe and Eurasia,4,High Income Country,7,DOD,1,Government,Security system management and reform,2,Military,3,1,Counter-Terrorism,0,0,1,1,0,NA,1446.420752,14270.3372,6956.312988,7,3044,351,11,0,10,20,85483979.34,1,23350,3028115,39255693897,12963.73945,6.025638091,14.92345087,24.39336234,9.469911466,0,0,0,0.26612582,0.014464208,6.956312988,14.92345087,14.92345087,0.159,0.112,0.066,0.337,351,340,12.06625411,19.28389831,15.39000034,1,0,1,1,2011368,10
2011,369,0,3.0534,0,2,2,Ukraine,UKR,Europe and Eurasia,2,Lower Middle Income Country,7,DOD,1,Government,Security system management and reform,2,Military,3,1,Counter-Terrorism,3,0,1,1,1,1,7207,58654,7515.910156,4,45803,1657,130,0,6,20,5003654220,3,214850,45706100,1.43E+11,3138.46507,5.465531905,17.63774233,25.68923145,8.051489128,0,0,0,-0.134380002,0.07207,7.515910156,17.63774233,17.63774233,0.895,0.791,0.841,2.527,1657,1853.5,12.06625411,19.28389831,7.849999905,1,0,0,1,2011369,6
2011,370,0,0,0,2,NA,Belarus,NA,NA,NA,NA,NA,NA,NA,NA,NA,NA,NA,NA,NA,NA,1,0,0,NA,1,1,4002.4,12996.8,7125.836426,4,9450,422,73,7,-7,15,1343133982,2,158000,9473172,61820512466,6525.851369,5.37870745,16.06397436,24.84750106,8.783526702,13,161,0,-0.330926448,0.040024,7.125836426,16.06397436,16.06397436,0.367,0.29,0.726,1.383,422,487,NA,29.27399381,NA,1,0,0,1,2011370,-7
2011,371,0,0.34734,0,2,2,Armenia,ARM,Europe and Eurasia,3,Upper Middle Income Country,7,DOD,1,Government,Security system management and reform,2,Military,3,1,Counter-Terrorism,0,0,1,1,0,NA,653.22,5241.233,9088.867188,4,2964,396,49,0,5,13,0,3,55544,2876538,9695518330,3370.551103,4.699999999,14.87209805,22.99492959,8.122831542,0,0,0,0.136364992,0.0065322,9.088867188,14.87209805,14.87209805,0.859,0.77,0.836,2.465,396,399,12.06625411,19.28389831,NA,1,0,0,1,2011371,5
2011,372,0,2.84651,219,2,2,Georgia,GEO,Europe and Eurasia,2,Lower Middle Income Country,7,DOD,1,Government,Security system management and reform,2,Military,3,1,Counter-Terrorism,3,0,1,1,1,1,1129.948,9721.766282,8980.504883,4,4374,421,21,1,6,20,43669956.69,2,32350,3756441,13149524996,3500.527493,7.4,15.13898252,23.29965147,8.160668948,1,1,0,0.23859786,0.01129948,8.980504883,15.13898252,15.13898252,0.136,0.046,0.231,0.413,421,407.5,12.06625411,19.28389831,NA,1,0,0,1,2011372,6
2011,373,0,1.05409,100,2,2,Azerbaijan,AZE,Europe and Eurasia,3,Upper Middle Income Country,7,DOD,1,Government,Security system management and reform,2,Military,3,1,Counter-Terrorism,0,0,1,1,0,NA,1465,9113,9371.841797,3,9202,1697,67,7,-7,16,46175825256,3,81950,9173082,52070545111,5676.450413,-1.572997621,16.03178388,24.67586527,8.644081389,0,0,1,0.116391595,0.01465,9.371841797,16.03178388,16.03178388,0.953,0.946,0.915,2.814,1697,1718.333333,12.06625411,19.28389831,5.420000076,1,0,0,1,2011373,-7
2011,375,0,0.136,0,2,2,Finland,FIN,Europe and Eurasia,4,High Income Country,7,DOD,1,Government,Security system management and reform,2,Military,3,1,Counter-Terrorism,0,0,1,1,0,NA,2549.850908,89231.51372,6625.92334,8,5389,3979,22,0,10,67,0,1,25000,5388272,2.56E+11,47423.21042,2.547530321,15.4997353,26.26660236,10.76686706,0,0,0,0.344417091,0.025498509,6.62592334,15.4997353,15.4997353,0.032,0.04,0.034,0.106,3979,3790,12.06625411,19.28389831,NA,1,0,0,1,2011375,10
2011,380,0,0.12,0,2,2,Sweden,SWE,Europe and Eurasia,4,High Income Country,7,DOD,1,Government,Security system management and reform,2,Military,3,1,Counter-Terrorism,1,0,1,1,1,1,12929.46528,357530.3802,6322.853027,7,9449,6160,21,0,10,94,0,1,21300,9449213,5.10E+11,54020.12338,3.052323529,16.06144202,26.95855393,10.89711191,0,0,0,0.389112158,0.129294653,6.322853027,16.06144202,16.06144202,0.009,0.009,0.013,0.031,6160,6091,12.06625411,19.28389831,7.800000191,1,0,0,1,2011380,10
2011,385,0,0,0,2,NA,Norway,NA,NA,NA,NA,NA,NA,NA,NA,NA,NA,NA,NA,NA,NA,3,0,0,NA,1,1,15249.94603,178567.1119,5916.702637,8,4944,7003,26,0,10,66,96737748618,1,24450,4953088,4.33E+11,87413.177,0.981469497,15.41552178,26.7939231,11.37840132,77,75,0,0.455060146,0.15249946,5.916702637,15.41552178,15.41552178,0.011,0.014,0.019,0.044,7003,7073,NA,29.27399381,3.220000029,1,0,0,1,2011385,10
2011,390,0,0,0,2,NA,Denmark,NA,NA,NA,NA,NA,NA,NA,NA,NA,NA,NA,NA,NA,NA,0,0,0,NA,0,NA,11939.23047,98121.62751,6191.892578,8,5575,4519,19,0,10,66,10513823269,1,16450,5570572,3.26E+11,58575.60781,1.336777778,15.5330083,26.51108194,10.97807364,0,0,0,0.458400075,0.119392305,6.191892578,15.5330083,15.5330083,0.005,0.005,0.011,0.021,4519,4470.5,NA,29.27399381,NA,0,0,0,1,2011390,10
2011,395,0,0.04899,0,2,2,Iceland,ISL,Europe and Eurasia,4,High Income Country,7,DOD,1,Government,Security system management and reform,2,Military,3,1,Counter-Terrorism,0,0,1,1,0,NA,1107.490902,12655.79007,4201.936035,8,322,-0.009,0,NA,NA,NA,0,NA,180,319014,13941164776,43700.79299,1.881619487,12.67299027,23.3581118,10.68512153,0,0,0,0.457105041,0.011074909,4.201936035,12.67299027,12.67299027,0.018,0.018,0.033,0.069,NA,NA,12.06625411,19.28389831,NA,1,0,0,0,2011395,0
2011,402,0,0,0,2,NA,Cape Verde,NA,NA,NA,NA,NA,NA,NA,NA,NA,NA,NA,NA,NA,NA,0,0,0,NA,0,NA,154.6907453,1355.95788,5640.555176,7,491,9,1,0,10,20,0,NA,1200,498856,1730365372,3468.667055,3.968886345,13.12007276,21.27159842,8.151525665,0,0,0,0.181659897,0.001546907,5.640555176,13.12007276,13.12007276,0.139,0.215,0.158,0.512,9,9,NA,29.27399381,NA,0,0,0,1,2011402,10
2011,403,0,0.036,0,5,2,Sao Tome and Principe,STP,Sub-Saharan Africa,2,Lower Middle Income Country,7,DOD,1,Government,Security system management and reform,2,Military,3,1,Counter-Terrorism,0,0,1,1,0,NA,32.2,292.04,9221.020508,8,183,-0.009,-9,NA,NA,NA,NA,NA,NA,184524,206138479.6,1117.136414,4.398201685,12.12553482,19.14405873,7.018523917,0,0,0,NA,0.000322,9.221020508,12.12553482,12.12553482,0.286,0.364,0.448,1.098,NA,NA,28.34106066,31.55021834,14.10000038,1,0,0,0,2011403,0
2011,404,0,0,0,5,NA,Guinea-Bissau,NA,NA,NA,NA,NA,NA,NA,NA,NA,NA,NA,NA,NA,NA,0,0,0,NA,0,NA,25.02405344,83.8604942,6505.373047,6,1624,20,4,1,6,6,0,2,6450,1562989,917693960.1,587.140383,8.084779734,14.26211057,20.63737452,6.375263945,0,0,0,0.097978511,0.000250241,6.505373047,14.26211057,14.26211057,0.9,0.913,0.869,2.682,20,23,NA,29.27399381,3.079999924,1,0,0,1,2011404,6
2011,411,0,0,0,5,NA,Equatorial Guinea,NA,NA,NA,NA,NA,NA,NA,NA,NA,NA,NA,NA,NA,NA,0,0,0,NA,0,NA,1975,11387.552,9137.709961,4,716,8,1,6,-6,42,13284594240,2,1320,986853,17361846463,17593.14352,6.52392363,13.80227637,23.5775409,9.775264532,0,0,0,0.026954001,0.01975,9.137709961,13.80227637,13.80227637,0.89,0.849,0.947,2.686,8,8,NA,29.27399381,NA,0,0,0,0,2011411,-6
2011,420,0,3.98612,0,5,2,Gambia,GMB,Sub-Saharan Africa,1,Low Income Country,7,DOD,1,Government,Security system management and reform,2,Military,3,1,Counter-Terrorism,0,0,1,1,0,NA,36.1,365.9550265,6307.115234,3,1735,6,1,5,-5,14,0,3,800,1848147,1417815865,767.1553536,-8.130444223,14.42969407,21.0723834,6.642689328,0,0,1,0.120007517,0.000361,6.307115234,14.42969407,14.42969407,0.62,0.68,0.833,2.133,6,6,28.34106066,31.55021834,NA,1,0,0,1,2011420,-5
2011,432,0,4.76386,10,5,2,Mali,MLI,Sub-Saharan Africa,1,Low Income Country,7,DOD,1,Government,Security system management and reform,2,Military,3,1,Counter-Terrorism,4,0,1,1,1,1,556.1472961,2419.081547,7086.208984,6,14417,226,7,0,7,19,0,1,12150,15514591,11024767958,710.6064193,3.240252913,16.55729149,23.12341021,6.566118717,5,2,1,-0.071202945,0.005561473,7.086208984,16.55729149,16.55729149,0.861,0.846,0.812,2.519,226,221.6666667,28.34106066,31.55021834,6.900000095,1,0,1,1,2011432,7
2011,433,0,2.08219,0,5,2,Senegal,SEN,Sub-Saharan Africa,1,Low Income Country,7,DOD,1,Government,Security system management and reform,2,Military,3,1,Counter-Terrorism,4,0,1,1,1,1,338.2189011,1960.355925,6157.480469,4,13331,253,14,0,7,11,2969477.654,3,18600,13033809,16451547989,1262.221043,1.458388671,16.38305723,23.52368541,7.140628181,0,6,1,0.042806901,0.003382189,6.157480469,16.38305723,16.38305723,0.358,0.459,0.248,1.065,253,221,28.34106066,31.55021834,10.35999966,1,0,0,1,2011433,7
2011,434,0,0.18509,0,5,2,Benin,BEN,Sub-Saharan Africa,1,Low Income Country,7,DOD,1,Government,Security system management and reform,2,Military,3,1,Counter-Terrorism,0,0,1,1,0,NA,161.091348,734.9313458,8416.831055,5,9780,74,5,0,7,20,0,1,9450,9460830,7183753062,759.3153097,2.962750351,16.06267068,22.69508779,6.632417119,0,0,0,0.024868679,0.001610913,8.416831055,16.06267068,16.06267068,0.622,0.719,0.599,1.94,74,76,28.34106066,31.55021834,NA,1,0,0,1,2011434,7
2011,435,0,0.58698,307,5,2,Mauritania,MRT,Sub-Saharan Africa,2,Lower Middle Income Country,7,DOD,1,Government,Security system management and reform,2,Military,3,1,Counter-Terrorism,3,0,1,1,1,1,588.7495642,2960.969,6036.350586,2,3703,139,16,2,-2,2,330722129,3,20850,3598648,4541846878,1262.098121,4.704066576,15.09606878,22.23659957,7.14053079,1,4,1,-0.023792347,0.005887496,6.036350586,15.09606878,15.09606878,0.866,0.826,0.742,2.434,139,125.5,28.34106066,31.55021834,9.859999657,1,0,1,1,2011435,-2
2011,436,0,0.09836,0,5,2,Niger,NER,Sub-Saharan Africa,1,Low Income Country,7,DOD,1,Government,Security system management and reform,2,Military,3,1,Counter-Terrorism,2,0,1,1,1,1,1065.789864,3171.946165,7873.028809,5,16511,63,5,1,6,0,286898339.5,2,10700,17114761,5849222101,341.764755,2.283008487,16.65545187,22.48957452,5.83412265,4,6,1,0.025176836,0.010657899,7.873028809,16.65545187,16.65545187,0.665,0.578,0.461,1.704,63,66.5,28.34106066,31.55021834,0.319999993,1,0,0,1,2011436,6
2011,437,0,0.08824,0,5,2,Ivory Coast,CIV,Sub-Saharan Africa,2,Lower Middle Income Country,7,DOD,1,Government,Security system management and reform,2,Military,3,1,Counter-Terrorism,3,0,1,1,1,1,301.5767188,7038.026199,7948.649414,2,19390,587,17,1,4,0,1914825163,5,NA,21028655,23792758396,1131.444612,-4.387254788,16.86139659,23.8926471,7.031250513,23,3,0,NA,0.003015767,7.948649414,16.86139659,16.86139659,0.636,0.578,0.598,1.812,587,611,28.34106066,31.55021834,NA,1,0,0,1,2011437,4
2011,438,0,0.0863,0,5,2,Guinea,GIN,Sub-Saharan Africa,1,Low Income Country,7,DOD,1,Government,Security system management and reform,2,Military,3,1,Counter-Terrorism,0,0,1,1,0,NA,956.12,1442.2,6672.72998,4,11162,42,12,2,1,1,0,3,12300,10420471,7238091820,694.6031345,5.61210719,16.15928279,22.70262345,6.543340653,0,0,1,-0.066972885,0.0095612,6.67272998,16.15928279,16.15928279,0.867,0.817,0.811,2.495,42,42,28.34106066,31.55021834,NA,1,0,0,1,2011438,1
2011,439,0,0.88897,0,5,2,Burkina Faso,BFA,Sub-Saharan Africa,1,Low Income Country,7,DOD,1,Government,Security system management and reform,2,Military,3,1,Counter-Terrorism,0,0,1,1,0,NA,143.6573095,646.9057778,7640.938965,5,15995,152,11,2,0,10,0,3,11450,16081911,9575057058,595.3929889,6.626865192,16.59320566,22.98242733,6.389221673,0,0,1,0.043686151,0.001436573,7.640938965,16.59320566,16.59320566,0.577,0.767,0.446,1.79,152,143.5,28.34106066,31.55021834,NA,1,0,0,1,2011439,0
2011,450,0,1.42388,0,5,2,Liberia,LBR,Sub-Saharan Africa,1,Low Income Country,7,DOD,1,Government,Security system management and reform,2,Military,3,1,Counter-Terrorism,0,0,1,1,0,NA,785.3,8005.377744,7315.249023,5,4080,13,2,1,6,5,0,2,2050,4017443,2161851301,538.116235,8.20076584,15.20615619,21.49423078,6.288074587,0,0,0,0.023727353,0.007853,7.315249023,15.20615619,15.20615619,0.812,0.733,0.591,2.136,13,13,28.34106066,31.55021834,2.24000001,1,0,0,1,2011450,6
2011,451,0,0.34982,0,5,2,Sierra Leone,SLE,Sub-Saharan Africa,1,Low Income Country,7,DOD,1,Government,Security system management and reform,2,Military,3,1,Counter-Terrorism,0,0,1,1,0,NA,950.478,1310.669,6947.481445,6,5865,13,11,1,7,9,0,2,10500,6563240,2740829819,417.6031684,6.315045036,15.69699494,21.73152657,6.034531624,0,0,1,0.021396873,0.00950478,6.947481445,15.69699494,15.69699494,0.802,0.715,0.709,2.226,13,13.5,28.34106066,31.55021834,4.289999962,1,0,0,1,2011451,7
2011,452,0,1.67372,0,5,2,Ghana,GHA,Sub-Saharan Africa,2,Lower Middle Income Country,7,DOD,1,Government,Security system management and reform,2,Military,3,1,Counter-Terrorism,0,0,1,1,0,NA,3237.39,13327.28,8246.163086,4,24821,128,12,0,8,10,3337102466,3,15500,25387710,36694403091,1445.360889,14.04712363,17.04977576,24.32589008,7.276114319,0,0,0,-0.044813563,0.0323739,8.246163086,17.04977576,17.04977576,0.68,0.633,0.636,1.949,128,119.5,28.34106066,31.55021834,NA,1,0,0,1,2011452,8
2011,461,0,0,0,5,NA,Togo,NA,NA,NA,NA,NA,NA,NA,NA,NA,NA,NA,NA,NA,NA,0,0,0,NA,0,NA,711.0874697,1209.442146,8335.612305,5,6472,59,9,3,-2,18,0,3,9300,6595943,3645225926,552.6466687,6.398199052,15.70196532,22.01668418,6.314718862,0,0,0,0.041117642,0.007110875,8.335612305,15.70196532,15.70196532,0.813,0.792,0.744,2.349,59,60.5,NA,29.27399381,1.980000019,1,0,0,1,2011461,-2
2011,471,0,4.97638,0,5,2,Cameroon,CMR,Sub-Saharan Africa,2,Lower Middle Income Country,7,DOD,1,Government,Security system management and reform,2,Military,3,1,Counter-Terrorism,3,0,1,1,1,1,355.3995402,3454.417,9359.483398,3,21156,348,14,5,-4,19,2991819942,2,23100,20906388,27223369236,1302.155553,4.129277161,16.85556532,24.0273416,7.171776288,4,0,0,0.104595012,0.003553995,9.359483398,16.85556532,16.85556532,0.93,0.901,0.89,2.721,348,351.5,28.34106066,31.55021834,NA,1,0,0,1,2011471,-4
2011,475,0,1.71991,0,5,2,Nigeria,NGA,Sub-Saharan Africa,2,Lower Middle Income Country,7,DOD,1,Government,Security system management and reform,2,Military,3,1,Counter-Terrorism,175,0,1,1,1,1,8914.89,69241.56,8493.131836,0,164193,2249,80,0,4,12,1.18E+11,4,162000,162805071,3.83E+11,2350.336824,5.307924204,18.90806416,26.67037809,7.762313926,0,0,0,-0.016100997,0.0891489,8.493131836,18.90806416,18.90806416,0.926,0.924,0.92,2.77,2249,2141,28.34106066,31.55021834,3.769999981,1,0,0,1,2011475,4
2011,481,0,0.20005,0,5,2,Gabon,GAB,Sub-Saharan Africa,3,Upper Middle Income Country,7,DOD,1,Government,Security system management and reform,2,Military,3,1,Counter-Terrorism,0,0,1,1,0,NA,874.8731635,4161.845,9434.417969,6,1594,266,5,1,3,2,10783633398,NA,6700,1684635,15376859682,9127.709968,7.091753343,14.33705948,23.4561296,9.119070117,0,0,0,0.108312782,0.008748732,9.434417969,14.33705948,14.33705948,0.873,0.812,0.819,2.504,266,244,28.34106066,31.55021834,20.37999916,1,0,0,1,2011481,3
2011,482,0,0.0405,0,5,2,Central African Republic,CAF,Sub-Saharan Africa,1,Low Income Country,7,DOD,1,Government,Security system management and reform,2,Military,3,1,Counter-Terrorism,3,0,1,1,1,1,36.90845589,547.5259107,9918.683594,3,4436,54,2,2,-1,8,0,4,3150,4418636,2230289068,504.7460502,4.194615337,15.30134161,21.52539704,6.224055432,35,0,0,0.06812931,0.000369085,9.918683594,15.30134161,15.30134161,0.897,0.874,0.839,2.61,54,54,28.34106066,31.55021834,NA,1,0,0,1,2011482,-1
2011,483,0,2.07266,0,5,2,Chad,TCD,Sub-Saharan Africa,1,Low Income Country,7,DOD,1,Government,Security system management and reform,2,Military,3,1,Counter-Terrorism,0,0,1,1,0,NA,281.9,3875.844,9052.158203,3,12080,177,26,3,-2,19,5286853609,4,34850,12360989,10666537556,862.9194279,0.082869798,16.33005602,23.09037735,6.760321324,0,0,1,-0.001051616,0.002819,9.052158203,16.33005602,16.33005602,0.971,0.967,0.966,2.904,177,189.5,28.34106066,31.55021834,1.659999967,1,0,0,1,2011483,-2
2011,484,0,2.50978,0,5,2,Congo,COD,Sub-Saharan Africa,1,Low Income Country,7,DOD,1,Government,Security system management and reform,2,Military,3,1,Counter-Terrorism,16,0,1,1,1,1,186.3050103,9448.036,10259.7998,4,4225,290,10,4,-4,14,13798255196,2,12000,4394844,12418629884,2825.727121,3.420665681,15.29594259,23.24246359,7.946520998,0,0,0,-0.013718741,0.00186305,10.2597998,15.29594259,15.29594259,0.859,0.751,0.831,2.441,290,307.5,28.34106066,31.55021834,NA,1,0,0,1,2011484,-4
2011,490,0,0,0,5,NA,Democratic Republic of the Congo,NA,NA,NA,NA,NA,NA,NA,NA,NA,NA,NA,NA,NA,NA,0,0,0,NA,0,NA,1686.9,11055.03601,10270.24805,0,63932,221,159,1,5,5,863084852.5,5,134250,66755153,23048292323,345.2661149,6.87467089,18.01654205,23.86085752,5.844315467,0,0,0,NA,0.016869,10.27024805,18.01654205,18.01654205,0.919,0.88,0.904,2.703,221,226.5,NA,29.27399381,NA,1,0,0,1,2011490,5
2011,500,0,4.91112,40,5,2,Uganda,UGA,Sub-Saharan Africa,1,Low Income Country,7,DOD,1,Government,Security system management and reform,2,Military,3,1,Counter-Terrorism,0,0,1,1,0,NA,894.294,6469.532,11381.8916,2,35148,243,45,2,-1,6,0,3,46800,33476919,22082345211,659.6289584,9.391667749,17.32636677,23.81804427,6.491677493,0,0,0,-0.012535464,0.00894294,11.3818916,17.32636677,17.32636677,0.788,0.731,0.674,2.193,243,308.5,28.34106066,31.55021834,3.579999924,1,0,0,1,2011500,-1
2011,501,0,2.90962,120.99453,5,2,Kenya,KEN,Sub-Saharan Africa,2,Lower Middle Income Country,7,DOD,1,Government,Security system management and reform,2,Military,3,1,Counter-Terrorism,42,1,1,1,1,1,1450.474222,6899.19,11853.13184,4,42028,629,24,0,8,9,0,2,29100,43178257,42443399231,982.9808376,6.10826372,17.58084762,24.47143724,6.890589626,0,0,0,0.049951644,0.014504742,11.85313184,17.58084762,17.58084762,0.64,0.724,0.731,2.095,629,729.3333333,28.34106066,31.55021834,2.859999895,1,0,1,1,2011501,8
2011,510,0,6.17636,0,5,2,Tanzania,TZA,Sub-Saharan Africa,1,Low Income Country,7,DOD,1,Government,Security system management and reform,2,Military,3,1,Counter-Terrorism,0,0,1,1,0,NA,1229.38,10941.4,12470.74219,4,46355,285,27,3,-1,16,129172277.9,2,28400,45673338,34470432851,754.716742,7.672155435,17.63702527,24.26336777,6.626342503,0,0,0,-0.049135615,0.0122938,12.47074219,17.63702527,17.63702527,0.628,0.482,0.393,1.503,285,295,28.34106066,31.55021834,3.470000029,1,0,0,1,2011510,-1
2011,516,0,1.44529,148.52339,5,2,Burundi,BDI,Sub-Saharan Africa,1,Low Income Country,7,DOD,1,Government,Security system management and reform,2,Military,3,1,Counter-Terrorism,8,0,1,1,1,1,3.355008049,15.18479618,11382.60645,2,9540,63,20,1,6,6,0,3,51050,8958406,2114083183,235.9887667,4.032602496,16.00810287,21.47188707,5.463784205,47,30,0,-0.005239627,3.36E-05,11.38260645,16.00810287,16.00810287,0.885,0.858,0.796,2.539,63,62.5,28.34106066,31.55021834,NA,1,0,1,1,2011516,6
2011,517,0,3.01619,0,5,2,Rwanda,RWA,Sub-Saharan Africa,1,Low Income Country,7,DOD,1,Government,Security system management and reform,2,Military,3,1,Counter-Terrorism,2,0,1,1,1,1,119.1053858,495.1054192,11340.3418,2,11144,74,33,4,-4,17,0,3,35000,10293331,6315416293,613.5444681,7.958358401,16.14700677,22.56625951,6.419252744,2,49,0,0.056619333,0.001191054,11.3403418,16.14700677,16.14700677,0.53,0.129,0.206,0.865,74,75,28.34106066,31.55021834,1.100000024,1,0,0,1,2011517,-4
2011,520,0,0,0,5,NA,Somalia,NA,NA,NA,NA,NA,NA,NA,NA,NA,NA,NA,NA,NA,NA,185,0,0,NA,1,1,102,668.19,12283.00195,NA,9908,-0.009,2,-66,NA,0,0,5,3200,12376302,NA,NA,NA,16.33129407,NA,NA,0,0,1,-0.029068047,0.00102,12.28300195,16.33129407,16.33129407,0.942,0.922,0.893,2.757,NA,NA,NA,29.27399381,13.38000011,1,0,0,1,2011520,0
2011,522,0,2.13564,0,5,2,Djibouti,DJI,Sub-Saharan Africa,2,Lower Middle Income Country,7,DOD,1,Government,Security system management and reform,2,Military,3,1,Counter-Terrorism,0,0,1,1,0,NA,79.0002307,956.471098,11349.03125,4,847,10,10,1,2,12,0,NA,12950,853674,1648614023,1931.198588,4.13657835,13.65730467,21.22320079,7.565896119,0,0,1,0.173489311,0.000790002,11.34903125,13.65730467,13.65730467,0.754,0.722,0.733,2.209,10,10,28.34106066,31.55021834,NA,1,0,0,1,2011522,2
2011,530,0,0.13951,0,5,2,Ethiopia,ETH,Sub-Saharan Africa,1,Low Income Country,7,DOD,1,Government,Security system management and reform,2,Military,3,1,Counter-Terrorism,3,0,1,1,1,1,626.51,4832.788,11220.62598,2,89393,273,138,4,-3,6,0,4,138000,90139927,33279878090,369.2024078,11.17829623,18.31687377,24.22821879,5.911345024,2,3,0,-0.120454899,0.0062651,11.22062598,18.31687377,18.31687377,0.614,0.656,0.41,1.68,273,263.5,28.34106066,31.55021834,NA,1,0,0,1,2011530,-3
2011,531,0,0,0,5,NA,Eritrea,NA,NA,NA,NA,NA,NA,NA,NA,NA,NA,NA,NA,NA,NA,1,0,0,NA,1,1,39,705.425,10729.34961,0,5933,78,202,7,-7,18,0,4,201750,3213972,2300794306,715.8725423,8.679799936,14.98301811,21.55652025,6.573502138,17,5,1,0.05831943,0.00039,10.72934961,14.98301811,14.98301811,0.691,0.618,0.658,1.967,78,78,NA,29.27399381,NA,1,0,0,1,2011531,-7
2011,540,0,0,0,5,NA,Angola,NA,NA,NA,NA,NA,NA,NA,NA,NA,NA,NA,NA,NA,NA,0,0,0,NA,0,NA,-3023.770966,13038.7297,10427.39453,4,20180,3622,107,4,-2,14,77914369680,3,117000,24220661,86708999524,3579.960081,3.471981372,17.00271659,25.18582352,8.183106929,0,0,0,0.093075644,-0.03023771,10.42739453,17.00271659,17.00271659,0.891,0.908,0.934,2.733,3622,3884.5,NA,29.27399381,NA,0,0,0,0,2011540,-2
2011,541,0,0.55217,0,5,2,Mozambique,MOZ,Sub-Saharan Africa,1,Low Income Country,7,DOD,1,Government,Security system management and reform,2,Military,3,1,Counter-Terrorism,0,0,1,1,0,NA,3558.543611,7722.344425,13211.0332,5,24581,70,11,0,5,17,567170231.9,3,11200,24187487,11908539950,492.3430016,7.403672678,17.00134599,23.20052162,6.199175631,0,0,0,0.1309504,0.035585436,13.2110332,17.00134599,17.00134599,0.559,0.755,0.6,1.914,70,70,28.34106066,31.55021834,3.299999952,1,0,0,0,2011541,5
2011,551,0,0,0,5,NA,Zambia,NA,NA,NA,NA,NA,NA,NA,NA,NA,NA,NA,NA,NA,NA,0,0,0,NA,0,NA,1108.5,8393.69,12156.13184,4,13634,306,15,0,7,10,0,NA,16500,14023193,21393258427,1525.562575,5.564624717,16.45622316,23.78634168,7.330118523,0,0,0,0.01737398,0.011085,12.15613184,16.45622316,16.45622316,0.336,0.346,0.363,1.045,306,313.5,NA,29.27399381,10.34000015,0,0,0,1,2011551,7
2011,552,0,0,0,5,NA,Zimbabwe,NA,NA,NA,NA,NA,NA,NA,NA,NA,NA,NA,NA,NA,NA,1,0,0,NA,1,1,387,2201.45,12552.13184,2,13359,198,29,2,1,2,0,3,50800,12894316,13750837258,1066.426265,14.19391296,16.37229715,23.34436555,6.972068399,0,0,0,0.096016854,0.00387,12.55213184,16.37229715,16.37229715,0.841,0.852,0.826,2.519,198,258,NA,29.27399381,5.369999886,0,0,0,0,2011552,1
2011,553,0,0.39923,0,5,2,Malawi,MWI,Sub-Saharan Africa,1,Low Income Country,7,DOD,1,Government,Security system management and reform,2,Military,3,1,Counter-Terrorism,0,0,1,1,0,NA,128.8,2731.478488,12519.82031,5,15458,43,5,0,6,17,0,3,6800,14962112,7297481088,487.7306819,4.854055109,16.5210317,22.71079507,6.189763372,0,0,0,0.135964576,0.001288,12.51982031,16.5210317,16.5210317,0.754,0.728,0.792,2.274,43,37.5,28.34106066,31.55021834,5.929999828,1,0,0,0,2011553,6
2011,560,0,2.90217,0,5,2,South Africa,ZAF,Sub-Saharan Africa,3,Upper Middle Income Country,7,DOD,1,Government,Security system management and reform,2,Military,3,1,Counter-Terrorism,0,0,1,1,0,NA,4242.86578,159390.1436,12581.7207,4,51949,5290,62,0,9,17,361014528.5,3,77582,52004172,3.88E+11,7454.720165,3.284168142,17.7668345,26.68343719,8.91660269,0,0,0,-0.000858706,0.042428658,12.5817207,17.7668345,17.7668345,0.467,0.64,0.606,1.713,5290,5179.5,28.34106066,31.55021834,24.63999939,1,0,0,1,2011560,9
2011,565,0,0.05896,0,5,2,Namibia,NAM,Sub-Saharan Africa,3,Upper Middle Income Country,7,DOD,1,Government,Security system management and reform,2,Military,3,1,Counter-Terrorism,0,0,1,1,0,NA,817.0654447,3792.555051,11720.19238,4,2218,460,9,0,6,21,0,2,15200,2156701,11856607187,5497.566509,5.091338198,14.5840903,23.19615112,8.61206082,0,0,0,0.058585253,0.008170654,11.72019238,14.5840903,14.5840903,0.18,0.263,0.289,0.732,460,420.5,28.34106066,31.55021834,19.32999992,1,0,0,1,2011565,6
2011,570,0,0.78583,0,5,2,Lesotho,LSO,Sub-Saharan Africa,2,Lower Middle Income Country,7,DOD,1,Government,Security system management and reform,2,Military,3,1,Counter-Terrorism,0,0,1,1,0,NA,149.5,776.21,13001.45801,7,2030,50,2,0,8,9,0,NA,2000,2003787,2553363775,1274.269059,6.630032868,14.51054945,21.66067745,7.150128006,0,0,0,0.1161275,0.001495,13.00145801,14.51054945,14.51054945,0.548,0.661,0.529,1.738,50,52.5,28.34106066,31.55021834,26.04000092,1,0,0,1,2011570,8
2011,571,0,2.05868,0,5,2,Botswana,BWA,Sub-Saharan Africa,3,Upper Middle Income Country,7,DOD,1,Government,Security system management and reform,2,Military,3,1,Counter-Terrorism,0,0,1,1,0,NA,1371.086147,4113.468775,12583.96973,7,1987,540,9,0,8,45,0,NA,10500,2015402,13560031675,6728.201954,6.048316367,14.51632924,23.33039246,8.814063218,0,0,0,0.154679189,0.013710861,12.58396973,14.51632924,14.51632924,0.163,0.172,0.179,0.514,540,503,28.34106066,31.55021834,NA,1,0,0,1,2011571,8
2011,572,0,0,0,5,NA,Swaziland,NA,NA,NA,NA,NA,NA,NA,NA,NA,NA,NA,NA,NA,NA,0,0,0,NA,0,NA,108.385334,907.0232964,13114.10156,3,1212,-0.009,-9,9,-9,38,0,2,NA,1072032,4538528118,4233.575227,2.247230019,13.88506647,22.23586859,8.350802122,0,0,0,NA,0.001083853,13.11410156,13.88506647,13.88506647,0.551,0.857,0.646,2.054,NA,NA,NA,29.27399381,NA,1,0,0,1,2011572,-9
2011,580,0,0,0,5,NA,Madagascar,NA,NA,NA,NA,NA,NA,NA,NA,NA,NA,NA,NA,NA,NA,1,0,0,NA,1,1,788.0782373,4914.659975,14006.81445,3,21679,72,14,1,3,0,0,3,21600,21743967,10140281154,466.3491788,1.578427051,16.8948469,23.03978156,6.144934664,0,0,0,0.025259874,0.007880782,14.00681445,16.8948469,16.8948469,0.932,0.879,0.875,2.686,72,70.5,NA,29.27399381,2.019999981,0,0,0,0,2011580,3
2011,581,0,0,0,5,NA,Comoros,NA,NA,NA,NA,NA,NA,NA,NA,NA,NA,NA,NA,NA,NA,0,0,0,NA,0,NA,23.0881605,82.603,13150.81641,8,700,-0.009,-9,0,9,5,0,NA,NA,706569,944282560.4,1336.433611,4.099846955,13.46817614,20.665936,7.197759861,0,0,1,0.098542749,0.000230882,13.15081641,13.46817614,13.46817614,0.736,0.598,0.593,1.927,NA,NA,NA,29.27399381,NA,0,0,0,0,2011581,9
2011,590,0,3.1542,0,5,2,Mauritius,MUS,Sub-Saharan Africa,3,Upper Middle Income Country,7,DOD,1,Government,Security system management and reform,2,Military,3,1,Counter-Terrorism,0,0,1,1,0,NA,433.3588797,2998.625128,14928.16113,7,1235,62,0,0,10,43,0,NA,2500,1252404,10411574172,8313.271254,4.077538074,14.04057546,23.06618393,9.025608463,0,0,0,0.109354337,0.004333589,14.92816113,14.04057546,14.04057546,0.504,0.273,0.653,1.43,62,66.5,28.34106066,31.55021834,7.449999809,1,0,0,0,2011590,10
2011,591,0,1.79678,0,5,2,Seychelles,SYC,Sub-Saharan Africa,4,High Income Country,7,DOD,1,Government,Security system management and reform,2,Military,3,1,Counter-Terrorism,0,0,1,1,0,NA,207.356,1908.137006,13599.32715,8,92,-0.009,0,NA,NA,NA,NA,NA,870,87441,1046438131,11967.36235,7.887279597,11.37871956,20.76865798,9.389938419,0,0,0,0.168092087,0.00207356,13.59932715,11.37871956,11.37871956,0.217,0.199,0.267,0.683,NA,10,28.34106066,31.55021834,NA,1,0,0,1,2011591,0
2011,600,0,2.55904,0,3,2,Morocco,MAR,Middle East and North Africa,2,Lower Middle Income Country,7,DOD,1,Government,Security system management and reform,2,Military,3,1,Counter-Terrorism,1,0,1,1,1,1,2568.434351,44515.9376,5840.309082,3,32059,3343,196,5,-4,46,31764166.62,3,245800,32781850,98106615022,2992.711364,5.245697297,17.30538557,25.30932063,8.003935066,17,24,1,-0.063551534,0.025684344,5.840309082,17.30538557,17.30538557,0.582,0.653,0.258,1.493,3343,3375.5,42.14935178,338.0777778,8.909999847,1,0,0,1,2011600,-4
2011,615,0,3.54932,0,3,2,Algeria,DZA,Middle East and North Africa,3,Upper Middle Income Country,7,DOD,1,Government,Security system management and reform,2,Military,3,1,Counter-Terrorism,15,0,1,1,1,1,2580.354018,22120.55692,6471.878906,4,37763,8662,147,1,2,7,94051558008,3,317200,36661444,1.66E+11,4524.644811,2.9,17.41723619,25.83453055,8.417294358,0,0,1,-0.125163725,0.02580354,6.471878906,17.41723619,17.41723619,0.768,0.747,0.721,2.236,8662,8993,42.14935178,338.0777778,NA,1,0,0,1,2011615,2
2011,616,0,0.46695,209,3,2,Tunisia,TUN,Middle East and North Africa,2,Lower Middle Income Country,7,DOD,1,Government,Security system management and reform,2,Military,3,1,Counter-Terrorism,3,0,1,1,1,1,1147.906633,31543.38691,7023.071777,2,10753,623,36,-88,4,0,3337168410,3,47800,10741880,43206394579,4022.237688,-1.91717768,16.18966068,24.48925434,8.299593666,4,0,1,-0.069965764,0.011479066,7.023071777,16.18966068,16.18966068,0.188,0.231,0.145,0.564,623,664,42.14935178,338.0777778,18.32999992,1,0,0,1,2011616,4
2011,620,0,0,0,3,NA,Libya,NA,NA,NA,NA,NA,NA,NA,NA,NA,NA,NA,NA,NA,NA,2,0,0,NA,1,1,NA,16334.497,7496.541992,0,6103,-0.009,76,-77,0,0,21356105816,5,NA,6247439,28357141373,4539.002521,-62.07591958,15.64768218,24.06814474,8.420462558,0,2,1,-0.147509048,NA,7.496541992,15.64768218,15.64768218,0.833,0.884,0.685,2.402,NA,2988,NA,29.27399381,19.02000046,0,0,0,1,2011620,0
2011,625,0,0,0,3,NA,Sudan,NA,NA,NA,NA,NA,NA,NA,NA,NA,NA,NA,NA,NA,NA,38,0,0,NA,1,1,1734.376994,17424.6905,10225.49316,1,36431,1163,109,3,-2,0,19319964896,5,264300,35349681,64342607849,1820.175063,-1.967728979,17.38079993,24.88748789,7.506687964,0,0,1,-0.163357407,0.01734377,10.22549316,17.38079993,17.38079993,0.801,0.852,0.829,2.482,1163,1163,NA,29.27399381,17.44000053,0,0,0,0,2011625,-2
2011,626,0,1.3554,0,5,2,NA,SSD,Sub-Saharan Africa,1,Low Income Country,7,DOD,1,Government,Security system management and reform,2,Military,3,1,Counter-Terrorism,0,0,1,1,0,NA,NA,NA,NA,2,10381,533,-9,2,0,0,6672900026,4,210000,9830698,13924490015,1416.429435,-4.640316736,16.1010205,23.356915,7.255894502,0,0,0,0.046657363,NA,NA,16.1010205,16.1010205,0.813,0.872,0.787,2.472,533,676,28.34106066,31.55021834,12.56999969,1,0,0,0,2011626,0
2011,630,0,0,0,3,NA,Iran,NA,NA,NA,NA,NA,NA,NA,NA,NA,NA,NA,NA,NA,NA,13,0,0,NA,1,1,4276.71869,33229.72064,9865.231445,0,75424,19510,523,7,-7,7,2.07E+11,4,563000,74634956,5.00E+11,6698.684962,2.645717918,18.12811953,26.93778605,8.809666512,18,13,1,-0.123134742,0.042767187,9.865231445,18.12811953,18.12811953,0.806,0.727,0.75,2.283,19510,22379.5,NA,29.27399381,NA,1,0,0,1,2011630,-7
2011,640,0,8.25538,0,2,2,Turkey,TUR,Europe and Eurasia,3,Upper Middle Income Country,7,DOD,1,Government,Security system management and reform,2,Military,3,1,Counter-Terrorism,51,0,1,1,1,1,16142,137605,8070.750488,2,73059,10146,511,0,9,28,2068027053,3,612800,73443863,8.58E+11,11678.13079,11.11349557,18.1120319,27.47750511,9.365473208,25,110,1,0.312228405,0.16142,8.070750488,18.1120319,18.1120319,0.585,0.45,0.515,1.55,10146,10156.5,12.06625411,19.28389831,8.800000191,1,0,0,1,2011640,9
2011,645,0,1.82179,0,3,2,Iraq,IRQ,Middle East and North Africa,3,Upper Middle Income Country,7,DOD,1,Government,Security system management and reform,2,Military,3,1,Counter-Terrorism,1308,0,1,1,1,1,1882.3,9847.606,9651.111328,3,31837,12028,246,1,3,1,1.15E+11,5,802400,30725300,1.49E+11,4848.442399,7.5464712,17.24059698,25.72700975,8.486412777,0,0,1,-0.18925633,0.018823,9.651111328,17.24059698,17.24059698,0.805,0.856,0.783,2.444,12028,13150,42.14935178,338.0777778,NA,1,0,0,1,2011645,3
2011,651,0,1.04449,0,3,2,Egypt,EGY,Middle East and North Africa,2,Lower Middle Income Country,7,DOD,1,Government,Security system management and reform,2,Military,3,1,Counter-Terrorism,18,0,1,1,1,1,-483,72611.9,9028.413086,0,79392,4333,469,2,-2,6,34148096804,4,835500,84529250,2.23E+11,2635.191564,1.764571949,18.25260819,26.12931934,7.876711158,28,109,1,-0.262369151,-0.00483,9.028413086,18.25260819,18.25260819,0.778,0.933,0.623,2.334,4333,4457.5,42.14935178,338.0777778,NA,1,0,0,1,2011651,-2
2011,652,0,0,0,3,NA,Syria,NA,NA,NA,NA,NA,NA,NA,NA,NA,NA,NA,NA,NA,NA,49,0,0,NA,1,1,804.1626353,10742.908,9115.135742,0,21804,-0.009,295,7,-7,48,14480924362,5,178000,21082966,97633258447,4630.907172,4.221168056,16.86397597,25.30448404,8.440508061,0,0,1,-0.261395991,0.008041626,9.115135742,16.86397597,16.86397597,0.896,0.871,0.812,2.579,NA,NA,NA,29.27399381,8.600000381,1,0,0,1,2011652,-7
2011,660,0,6.61021,0,3,2,Lebanon,LBN,Middle East and North Africa,3,Upper Middle Income Country,7,DOD,1,Government,Security system management and reform,2,Military,3,1,Counter-Terrorism,10,0,1,1,1,1,3137.050288,47422.08211,9032.353516,3,4478,1627,59,0,6,6,0,2,80000,5202343,38772202985,7452.834806,0.917698798,15.46461966,24.38096941,8.91634975,1,23,1,-0.100487714,0.031370503,9.032353516,15.46461966,15.46461966,0.72,0.701,0.684,2.105,1627,1681,42.14935178,338.0777778,6.389999866,1,0,0,1,2011660,6
2011,663,0,14.87372,0,3,2,Jordan,JOR,Middle East and North Africa,3,Upper Middle Income Country,7,DOD,1,Government,Security system management and reform,2,Military,3,1,Counter-Terrorism,0,0,1,1,0,NA,1485.915493,23384.64789,9209.496094,3,6731,1406,101,5,-3,22,35003832.81,3,110500,7663131,27489053610,3587.183047,2.586784416,15.8519312,24.03705371,8.185122507,0,0,1,-0.063208289,0.014859155,9.209496094,15.8519312,15.8519312,0.499,0.548,0.312,1.359,1406,1463,42.14935178,338.0777778,12.89999962,1,0,0,1,2011663,-3
2011,666,0,0.31096,0,3,2,Israel,ISR,Middle East and North Africa,4,High Income Country,7,DOD,1,Government,Security system management and reform,2,Military,3,1,Counter-Terrorism,51,0,1,1,1,1,8653.194,64841.884,9119.813477,2,7542,15163,177,1,6,30,892296512.4,4,184550,7765800,2.45E+11,31572.90343,4.783497489,15.86524004,26.22529458,10.36005455,21,0,0,0.545840478,0.08653194,9.119813477,15.86524004,15.86524004,0.134,0.145,0.224,0.503,15163,16014,42.14935178,338.0777778,NA,1,0,0,1,2011666,6
2011,670,0,0,0,3,NA,Saudi Arabia,NA,NA,NA,NA,NA,NA,NA,NA,NA,NA,NA,NA,NA,NA,2,0,0,NA,1,1,16308,186758.133,10527.39746,1,27762,48531,234,10,-10,85,4.19E+11,4,249000,28267685,5.81E+11,20553.90537,9.996857794,17.15722984,27.08803608,9.930806244,3,15,1,-0.129446731,0.16308,10.52739746,17.15722984,17.15722984,0.472,0.684,0.818,1.974,48531,52627.5,NA,29.27399381,5.769999981,1,0,0,1,2011670,-10
2011,679,0,7.03624,0,3,2,Yemen,YEM,Middle East and North Africa,1,Low Income Country,7,DOD,1,Government,Security system management and reform,2,Military,3,1,Counter-Terrorism,118,0,1,1,1,1,-518.4203,4339.1417,11120.31348,0,23304,1343,67,3,-2,18,11458903964,5,137900,23807588,26976988196,1133.125632,-12.7148969,16.98551491,24.01825005,7.032735139,0,0,1,0.0791484,-0.005184203,11.12031348,16.98551491,16.98551491,0.895,0.82,0.873,2.588,1343,1536.333333,42.14935178,338.0777778,13.07999992,1,0,0,1,2011679,-2
2011,690,0,0,0,3,NA,Kuwait,NA,NA,NA,NA,NA,NA,NA,NA,NA,NA,NA,NA,NA,NA,1,0,0,NA,1,1,3259.066896,15175.96267,10209.51563,5,3125,4651,16,7,-7,47,1.10E+11,2,22600,3168060,1.27E+11,39939.93185,9.628436082,14.96862997,25.56376187,10.5951319,0,0,1,0.007377767,0.032590669,10.20951563,14.96862997,14.96862997,0.548,0.483,0.598,1.629,4651,4706,NA,29.27399381,2.069999933,1,0,0,1,2011690,-7
2011,692,0,0,0,3,NA,Bahrain,NA,NA,NA,NA,NA,NA,NA,NA,NA,NA,NA,NA,NA,NA,1,0,0,NA,1,1,98.40425532,22332.44681,10643.57715,0,1293,943,8,8,-8,0,3794345343,3,19460,1278151,26223297872,20516.58832,1.983515012,14.06092506,23.98991408,9.928989024,0,0,1,0.053023875,0.000984043,10.64357715,14.06092506,14.06092506,0.733,0.527,0.695,1.955,943,980.5,NA,29.27399381,1.179999948,0,0,0,1,2011692,-8
2011,694,0,0,0,3,NA,Qatar,NA,NA,NA,NA,NA,NA,NA,NA,NA,NA,NA,NA,NA,NA,0,0,0,NA,0,NA,938.5164835,31502.47,10782.50684,6,1911,3476,12,10,-10,40,78424265989,1,11800,2035871,1.42E+11,69679.08848,13.37517641,14.5264343,25.67808983,11.15165553,0,0,1,0.049694399,0.009385165,10.78250684,14.5264343,14.5264343,0.447,0.48,0.559,1.486,3476,3476,NA,29.27399381,0.560000002,0,0,0,0,2011694,-10
2011,696,0,0.30533,0,3,2,United Arab Emirates,ARE,Middle East and North Africa,4,High Income Country,7,DOD,1,Government,Security system management and reform,2,Military,3,1,Counter-Terrorism,0,0,1,1,0,NA,7152.095826,71020.86607,11029.45508,6,8925,9320,51,8,-8,40,1.27E+11,1,51000,8946777,3.10E+11,34634.86214,6.930271629,16.00680391,26.45941994,10.45261603,0,0,1,0.063081907,0.071520958,11.02945508,16.00680391,16.00680391,0.105,0.121,0.252,0.478,9320,9320,42.14935178,338.0777778,2.230000019,1,0,0,0,2011696,-8
2011,698,0,1.61574,8.99984,3,2,Oman,OMN,Middle East and North Africa,4,High Income Country,7,DOD,1,Government,Security system management and reform,2,Military,3,1,Counter-Terrorism,0,0,1,1,0,NA,1628,16614.745,11357.14844,3,3025,4291,43,8,-8,54,42721296612,2,47000,3251108,57992197659,17837.67185,-1.108745787,14.99450642,24.78357432,9.789067896,0,0,1,0.063820134,0.01628,11.35714844,14.99450642,14.99450642,0.206,0.364,0.288,0.858,4291,5101.666667,42.14935178,338.0777778,3.640000105,1,0,1,1,2011698,-8
2011,700,0,4.52572,0,4,2,Afghanistan,AFG,South and Central Asia,1,Low Income Country,7,DOD,1,Government,Security system management and reform,2,Military,3,1,Counter-Terrorism,421,0,1,1,1,1,57.621,987.588,10847.87598,4,29105,1822,136,-66,NA,0,20786343.58,5,340350,30117413,15924179998,528.7366481,0.426354793,17.22061407,23.49110455,6.270490478,0,0,1,-0.191189707,0.00057621,10.84787598,17.22061407,17.22061407,0.937,0.94, ,2.749,1822,1949.5,9.560125974,309.7402597,NA,1,0,0,1,2011700,0
2011,701,0,0,0,4,NA,Turkmenistan,NA,NA,NA,NA,NA,NA,NA,NA,NA,NA,NA,NA,NA,NA,0,0,0,NA,0,NA,3391.067,16833.387,10024.92188,3,5107,-0.009,22,9,-9,20,18408646394,3,22000,5174085,25902882089,5006.27301,14.69999993,15.45917307,23.97762008,8.518447007,0,0,1,0.063536679,0.03391067,10.02492188,15.45917307,15.45917307,0.917,0.944,0.931,2.792,NA,539,NA,29.27399381,4,1,0,0,1,2011701,-9
2011,702,0,2.17924,0,4,2,Tajikistan,TJK,South and Central Asia,1,Low Income Country,7,DOD,1,Government,Security system management and reform,2,Military,3,1,Counter-Terrorism,0,0,1,1,0,NA,200.42717,1278.36,10426.22852,4,7815,146,9,4,-3,13,12010552.57,3,16300,7697510,6059735935,787.2332657,7.400640543,15.85640746,22.52493206,6.668524603,0,0,1,0.088451879,0.002004272,10.42622852,15.85640746,15.85640746,0.933,0.912,0.951,2.796,146,158,9.560125974,309.7402597,10.15999985,1,0,0,1,2011702,-3
2011,703,0,1.66738,0,4,2,Kyrgyzstan,KGZ,South and Central Asia,2,Lower Middle Income Country,7,DOD,1,Government,Security system management and reform,2,Military,3,1,Counter-Terrorism,1,0,1,1,1,1,693.528,2413.36693,10203.98926,2,5403,102,11,0,7,0,44226728.5,3,20400,5514600,5079922900,921.1770391,5.956274377,15.52290968,22.34856192,6.825652243,0,0,1,0.085111151,0.00693528,10.20398926,15.52290968,15.52290968,0.862,0.836,0.726,2.424,102,103.5,9.560125974,309.7402597,8.529999733,1,0,0,1,2011703,7
2011,704,0,0.168,0,4,2,Uzbekistan,UZB,South and Central Asia,2,Lower Middle Income Country,7,DOD,1,Government,Security system management and reform,2,Military,3,1,Counter-Terrorism,0,0,1,1,0,NA,1635.145,7001.094,10179.66113,3,28152,1422,67,9,-9,20,11961431416,3,68000,29339400,50313824550,1714.889348,7.784829533,17.19444188,24.64154572,7.447103838,0,0,1,0.096426792,0.01635145,10.17966113,17.19444188,17.19444188,0.836,0.887,0.917,2.64,1422,1422,9.560125974,309.7402597,5,1,0,0,1,2011704,-9
2011,705,0,2.85754,0,4,2,Kazakhstan,KAZ,South and Central Asia,3,Upper Middle Income Country,7,DOD,1,Government,Security system management and reform,2,Military,3,1,Counter-Terrorism,5,0,1,1,1,1,13973.069,107395.7769,10240.87793,2,16098,1766,49,6,-6,20,73186113785,3,70500,16557201,1.59E+11,9603.244655,7.400000001,16.62233167,25.79218798,9.169856305,12,2,1,0.110371928,0.13973069,10.24087793,16.62233167,16.62233167,0.851,0.693,0.864,2.408,1766,2023,9.560125974,309.7402597,5.389999866,1,0,0,1,2011705,-6
2011,710,0,0.16508,0,1,2,China,CHN,East Asia and Oceania,3,Upper Middle Income Country,7,DOD,1,Government,Security system management and reform,2,Military,3,1,Counter-Terrorism,4,0,1,1,1,1,123985,711802,10993.68457,0,1368440,90221,2285,7,-7,62,1.89E+11,4,2945000,1344130000,6.67E+12,4961.234689,9.55091409,21.0190128,29.52842272,8.509409918,19,0,0,0.045523828,1.23985,10.99368457,21.0190128,21.0190128,0.526,0.655,0.539,1.72,90221,96432,10.27112463,74.01052632,2.559999943,1,0,0,1,2011710,-7
2011,712,0,1.3612,0,1,2,Mongolia,MNG,East Asia and Oceania,2,Lower Middle Income Country,7,DOD,1,Government,Security system management and reform,2,Military,3,1,Counter-Terrorism,0,0,1,1,0,NA,4571.163,13332.675,10166.81055,6,2754,81,10,0,10,19,298480136.5,3,17200,2770362,8432599136,3043.861826,17.29077758,14.83448856,22.85537088,8.020882326,0,0,0,-0.10032985,0.04571163,10.16681055,14.83448856,14.83448856,0.622,0.486,0.478,1.586,81,97.5,10.27112463,74.01052632,4.769999981,1,0,0,1,2011712,10
2011,713,0,0,0,1,NA,Taiwan,NA,NA,NA,NA,NA,NA,NA,NA,NA,NA,NA,NA,NA,NA,0,0,0,NA,0,NA,-1957,54979,12532.53906,8,23225,9717,290,0,10,19,80220495.37,1,NA,23000771.62,7.30E+11,31734.58179,3.497294956,16.95103832,27.3162006,10.36516227,0,0,0,-0.040433967,-0.01957,12.53253906,16.95103832,16.95103832,0.362,0.145,0.291,0.798,9717,10084.5,NA,29.27399381,NA,1,0,0,1,2011713,10
2011,731,0,0,0,1,NA,North Korea,NA,NA,NA,NA,NA,NA,NA,NA,NA,NA,NA,NA,NA,NA,0,0,0,NA,0,NA,119.051,214.563,10933.23242,1,24631,-0.009,1190,10,-10,63,0,5,1379000,24673385,NA,NA,NA,17.02123569,NA,NA,0,0,0,0.017357093,0.00119051,10.93323242,17.02123569,17.02123569,0.705,0.916,0.894,2.515,NA,NA,NA,29.27399381,2.900000095,0,0,0,1,2011731,-10
2011,732,0,0.11332,0,1,2,South Korea,KOR,East Asia and Oceania,4,High Income Country,7,DOD,1,Government,Security system management and reform,2,Military,3,1,Counter-Terrorism,0,0,1,1,0,NA,9773,135178.3,11065.70215,4,48733,28335,655,0,8,23,150552517,1,659500,49936638,1.13E+12,22724.70557,3.681688569,17.72626552,27.75747348,10.03120796,0,0,0,0.232843596,0.09773,11.06570215,17.72626552,17.72626552,0.157,0.106,0.237,0.5,28335,28795.5,10.27112463,74.01052632,3.400000095,1,0,0,0,2011732,8
2011,740,0,0,0,1,NA,Japan,NA,NA,NA,NA,NA,NA,NA,NA,NA,NA,NA,NA,NA,NA,0,0,0,NA,0,NA,-1758.334482,225787.352,10855.58691,6,127319,59834,248,0,10,59,943162155,1,260086,127833000,5.69E+12,44538.72619,-0.11542134,18.66623528,29.37034962,10.70411434,0,0,0,0.461949018,-0.017583345,10.85558691,18.66623528,18.66623528,0.095,0.03,0.111,0.236,59834,59455.5,NA,29.27399381,4.519999981,1,0,0,1,2011740,10
2011,750,0,2.87513,0,4,2,India,IND,South and Central Asia,2,Lower Middle Income Country,7,DOD,1,Government,Security system management and reform,2,Military,3,1,Counter-Terrorism,645,0,1,1,1,1,36190.45603,206354.2933,11761.80664,0,1221156,36115,1325,0,9,61,40650180157,4,2647150,1250288729,1.76E+12,1410.426305,5.241344743,20.94664034,28.19828763,7.251647281,0,0,0,-0.241492633,0.36190456,11.76180664,20.94664034,20.94664034,0.452,0.354,0.336,1.142,36115,34759.5,9.560125974,309.7402597,5.650000095,1,0,0,1,2011750,9
2011,760,0,0.1,0,4,2,Bhutan,BTN,South and Central Asia,2,Lower Middle Income Country,7,DOD,1,Government,Security system management and reform,2,Military,3,1,Counter-Terrorism,1,0,1,1,1,1,28.59547085,75.66994104,12250.7832,5,729,-0.009,-9,0,3,3,0,NA,NA,693298,1710580807,2467.309594,7.890913893,13.4492152,21.2600988,7.810883603,0,2,0,0.049252526,0.000285955,12.2507832,13.4492152,13.4492152,0.094,0.086,0.086,0.266,NA,NA,9.560125974,309.7402597,NA,1,0,0,1,2011760,3
2011,770,0,16.16983,0,4,2,Pakistan,PAK,South and Central Asia,2,Lower Middle Income Country,7,DOD,1,Government,Security system management and reform,2,Military,3,1,Counter-Terrorism,1012,0,1,1,1,1,1162,20916.055,11091.54199,0,176166,5468,617,0,6,3,8711962820,5,946000,183340592,1.82E+11,992.8781395,2.748405917,19.02685614,25.92746408,6.900607937,0,0,1,-0.124559805,0.01162,11.09154199,19.02685614,19.02685614,0.873,0.835,0.777,2.485,5468,5641,9.560125974,309.7402597,0.800000012,1,0,0,1,2011770,6
2011,771,0,4.50868,82.99999,4,2,Bangladesh,BGD,South and Central Asia,2,Lower Middle Income Country,7,DOD,1,Government,Security system management and reform,2,Military,3,1,Counter-Terrorism,13,0,1,1,1,1,1136.38,6165.81,12680.43262,2,152862,1478,157,1,5,2,3199519729,3,220950,149273778,1.23E+11,822.1883388,6.46438388,18.82129261,25.53326211,6.711969491,9,6,1,0.108654559,0.0113638,12.68043262,18.82129261,18.82129261,0.881,0.935,0.761,2.577,1478,1507.5,9.560125974,309.7402597,NA,1,0,1,1,2011771,5
2011,775,0,0,0,4,NA,Myanmar,NA,NA,NA,NA,NA,NA,NA,NA,NA,NA,NA,NA,NA,NA,2,0,0,NA,1,1,1117.686,15624.537,13550.2207,1,52351,2415,406,3,-3,0,2749366537,5,513250,50990615,52310879191,1025.892298,5.591482378,17.74715215,24.6804702,6.933318047,0,0,0,-0.163541589,0.01117686,13.5502207,17.74715215,17.74715215,0.769,0.78,0.727,2.276,2415,2321.5,NA,29.27399381,0.790000021,1,0,0,1,2011775,-3
2011,780,0,10.3354,0,4,2,Sri Lanka,LKA,South and Central Asia,2,Lower Middle Income Country,7,DOD,1,Government,Security system management and reform,2,Military,3,1,Counter-Terrorism,0,0,1,1,0,NA,955.912,7145.551409,14093.15234,0,20926,1750,161,1,3,1,0,5,223100,20398670,61493396998,3014.578745,8.404733021,16.83098026,24.84219564,8.01121538,0,0,0,-0.090024089,0.00955912,14.09315234,16.83098026,16.83098026,0.593,0.443,0.732,1.768,1750,1641.5,9.560125974,309.7402597,4.119999886,1,0,0,1,2011780,3
2011,781,0,4.73164,120.7,4,2,Maldives,MDV,South and Central Asia,3,Upper Middle Income Country,7,DOD,1,Government,Security system management and reform,2,Military,3,1,Counter-Terrorism,0,0,1,1,0,NA,423.5,1537.706,14037.78223,6,332,-0.009,-9,NA,NA,NA,0,1,NA,380495,2809898201,7384.849211,8.566733531,12.84922832,21.75641409,8.907185776,0,0,1,0.150424211,0.004235,14.03778223,12.84922832,12.84922832,0.632,0.261,0.415,1.308,NA,NA,9.560125974,309.7402597,8.859999657,1,0,0,1,2011781,0
2011,790,0,4.78186,0,4,2,Nepal,NPL,South and Central Asia,1,Low Income Country,7,DOD,1,Government,Security system management and reform,2,Military,3,1,Counter-Terrorism,46,0,1,1,1,1,95.48635504,334.978,12121.58691,4,27156,269,96,0,6,5,0,3,157750,27041437,16550239852,612.0325577,3.421828241,17.11288095,23.52966643,6.41678548,16,80,0,-0.047364917,0.000954864,12.12158691,17.11288095,17.11288095,0.738,0.739,0.743,2.22,269,275,9.560125974,309.7402597,2.109999895,1,0,0,1,2011790,6
2011,800,0,5.25698,0,1,2,Thailand,THA,East Asia and Oceania,3,Upper Middle Income Country,7,DOD,1,Government,Security system management and reform,2,Military,3,1,Counter-Terrorism,182,0,1,1,1,1,1370.363,155035.954,13943.39941,1,66576,5520,306,0,7,0,15531990771,4,474550,67518382,3.44E+11,5094.466768,0.839959472,18.02791044,26.56382073,8.535910282,152,435,0,0.075506302,0.01370363,13.94339941,18.02791044,18.02791044,0.749,0.627,0.761,2.137,5520,5473,10.27112463,74.01052632,0.660000026,1,0,0,1,2011800,7
2011,811,0,1.03292,0,1,2,Cambodia,KHM,East Asia and Oceania,2,Lower Middle Income Country,7,DOD,1,Government,Security system management and reform,2,Military,3,1,Counter-Terrorism,0,0,1,1,0,NA,1538.883425,7867.682548,14208.12793,4,14606,308,124,1,2,13,0,3,191300,14541423,12037055708,827.7770138,7.069569946,16.49251189,23.2112557,6.718743811,0,0,0,-0.003429124,0.015388834,14.20812793,16.49251189,16.49251189,0.897,0.911,0.95,2.758,308,327,10.27112463,74.01052632,0.579999983,1,0,0,1,2011811,2
2011,812,0,0.0754,0,1,2,Laos,LAO,East Asia and Oceania,2,Lower Middle Income Country,7,DOD,1,Government,Security system management and reform,2,Military,3,1,Counter-Terrorism,0,0,1,1,0,NA,300.75,2188.498,13487.60742,5,6521,19,29,7,-7,36,0,2,129100,6347567,7700771123,1213.184693,8.038652681,15.66358215,22.76458631,7.101004159,0,0,0,0.008112843,0.0030075,13.48760742,15.66358215,15.66358215,0.818,0.759,0.705,2.282,19,19.5,10.27112463,74.01052632,0.709999979,1,0,0,1,2011812,-7
2011,816,0,0.37874,0,1,2,Vietnam,VNM,East Asia and Oceania,2,Lower Middle Income Country,7,DOD,1,Government,Security system management and reform,2,Military,3,1,Counter-Terrorism,0,0,1,1,0,NA,7519,64523.298,13159.25977,3,89914,2667,455,7,-7,57,14480511426,2,522000,88871561,1.23E+11,1385.890385,6.240302749,18.30270275,25.53680084,7.234098089,0,0,0,0.104344033,0.07519,13.15925977,18.30270275,18.30270275,0.643,0.659,0.574,1.876,2667,2981,10.27112463,74.01052632,1,1,0,0,1,2011816,-7
2011,820,0,5.90767,8.5,1,2,Malaysia,MYS,East Asia and Oceania,3,Upper Middle Income Country,7,DOD,1,Government,Security system management and reform,2,Military,3,1,Counter-Terrorism,0,0,1,1,0,NA,12197.57646,115063.9823,15130.11816,3,28759,4693,109,0,6,3,33207144649,3,133600,28650955,2.69E+11,9372.007539,5.29391284,17.17069733,26.31617994,9.145482604,0,0,1,0.010641461,0.121975765,15.13011816,17.17069733,17.17069733,0.628,0.637,0.741,2.006,4693,4566.5,10.27112463,74.01052632,3.049999952,1,0,1,1,2011820,6
2011,830,0,0,0,1,NA,Singapore,NA,NA,NA,NA,NA,NA,NA,NA,NA,NA,NA,NA,NA,NA,0,0,0,NA,0,NA,39992.04948,683640.1169,15350.50293,8,5192,9362,73,4,-2,46,0,2,147600,5183688,2.55E+11,49159.38104,6.262267762,15.46102733,26.2638503,10.80282297,0,0,0,0.094360601,0.399920495,15.35050293,15.46102733,15.46102733,0.01,0.006,0.014,0.03,9362,9602.5,NA,29.27399381,3.890000105,1,0,0,1,2011830,-2
2011,835,0,0,0,1,NA,Brunei,NA,NA,NA,NA,NA,NA,NA,NA,NA,NA,NA,NA,NA,NA,0,0,0,NA,0,NA,691.1702745,4837.395249,14867.63574,8,407,409,7,NA,NA,NA,7363322008,NA,9250,393688,14220755409,36121.89198,3.745318352,12.883314,23.37796838,10.49465439,0,0,1,0.119373076,0.006911703,14.86763574,12.883314,12.883314,NA,NA,NA,NA,409,410,NA,29.27399381,NA,0,0,0,1,2011835,0
2011,840,0,6.49378,120,1,2,Philippines,PHL,East Asia and Oceania,2,Lower Middle Income Country,7,DOD,1,Government,Security system management and reform,2,Military,3,1,Counter-Terrorism,151,0,1,1,1,1,2043.472,30995.4448,13680.79883,1,95053,1642,125,0,8,24,1688164100,4,165500,95570047,2.07E+11,2164.85508,3.659751601,18.37537001,26.05547871,7.680108701,127,0,0,0.049487921,0.02043472,13.68079883,18.37537001,18.37537001,0.709,0.583,0.574,1.866,1642,1702,10.27112463,74.01052632,3.589999914,0,0,1,0,2011840,8
2011,850,0,4.59683,0,1,2,Indonesia,IDN,East Asia and Oceania,2,Lower Middle Income Country,7,DOD,1,Government,Security system management and reform,2,Military,3,1,Counter-Terrorism,21,0,1,1,1,1,19241.253,184803.73,16180.32324,3,243802,5826,302,0,8,12,52918471321,3,676500,245116206,8.02E+11,3270.61949,6.169784208,19.31724297,27.40997766,8.092734692,20,70,1,-0.187884912,0.19241253,16.18032324,19.31724297,19.31724297,0.774,0.694,0.562,2.03,5826,6175,10.27112463,74.01052632,5.150000095,1,0,0,1,2011850,8
2011,860,0,0.1,0,1,2,East Timor,TLS,East Asia and Oceania,2,Lower Middle Income Country,7,DOD,1,Government,Security system management and reform,2,Military,3,1,Counter-Terrorism,0,0,1,1,0,NA,47.075,205.336,15962.91504,7,1096,52,1,0,7,9,3579319788,2,1330,1113151,4457158603,4004.091631,11.45790791,13.92270529,22.21777732,8.295072025,0,0,0,0.133200931,0.00047075,15.96291504,13.92270529,13.92270529,0.343,0.515,0.429,1.287,52,58,10.27112463,74.01052632,3.529999971,1,0,0,1,2011860,7
2011,900,0,0,0,1,NA,Australia,NA,NA,NA,NA,NA,NA,NA,NA,NA,NA,NA,NA,NA,NA,0,0,0,NA,0,NA,58931.59409,555574.6263,16008.79297,7,22741,25444,57,0,10,110,25154755413,1,57050,22340024,1.17E+12,52567.77724,2.462786173,16.92189043,27.79174904,10.86985861,0,0,0,0.513938503,0.589315941,16.00879297,16.92189043,16.92189043,0.032,0.015,0.05,0.097,25444,26856.5,NA,29.27399381,NA,1,0,0,1,2011900,10
2011,910,0,0.1,0,1,2,Papua New Guinea,PNG,East Asia and Oceania,2,Lower Middle Income Country,7,DOD,1,Government,Security system management and reform,2,Military,3,1,Counter-Terrorism,0,0,1,1,0,NA,-309.5779365,4567.0408,14704.43652,6,7013,77,3,0,4,36,1298591817,NA,3100,7472200,14408588548,1928.292678,1.107543597,15.82670003,23.39109029,7.564390268,0,0,0,0.209717639,-0.003095779,14.70443652,15.82670003,15.82670003,0.67,0.705,0.843,2.218,77,76.5,10.27112463,74.01052632,2.619999886,1,0,0,1,2011910,4
2011,920,0,0.1353,0,1,2,New Zealand,NZL,East Asia and Oceania,4,High Income Country,7,DOD,1,Government,Security system management and reform,2,Military,3,1,Counter-Terrorism,0,0,1,1,0,NA,4238.000964,64431.95965,14546.23828,8,4414,2199,10,0,10,134,2653278662,1,8550,4384000,1.50E+11,34216.55833,2.334200273,15.29347211,25.73393708,10.44046497,0,0,0,0.451439156,0.04238001,14.54623828,15.29347211,15.29347211,0.01,0.012,0.012,0.034,2199,2203,10.27112463,74.01052632,6.489999771,1,0,0,1,2011920,10
2011,935,0,0,0,1,NA,Vanuatu,NA,NA,NA,NA,NA,NA,NA,NA,NA,NA,NA,NA,NA,NA,0,0,0,NA,0,NA,70.46381883,519.4151721,13612.15527,7,242,0,0,NA,NA,NA,NA,NA,NA,242653,709376703.2,2923.420288,1.223225535,12.39938772,20.37989726,7.980509541,0,0,0,0.215108587,0.000704638,13.61215527,12.39938772,12.39938772,0.475,0.491,0.598,1.564,0,0,NA,29.27399381,1.850000024,1,0,0,1,2011935,0
2011,940,0,0.1,0,1,2,Solomon Islands,SLB,East Asia and Oceania,2,Lower Middle Income Country,7,DOD,1,Government,Security system management and reform,2,Military,3,1,Counter-Terrorism,0,0,1,1,0,NA,120.1695794,732.2704139,13708.61133,8,538,0,0,1,8,7,0,1,NA,541521,771033399.4,1423.829176,13.19563215,13.20213713,20.46324225,7.261105124,0,0,0,0.189067283,0.001201696,13.70861133,13.20213713,13.20213713,0.613,0.655,0.679,1.947,0,0,10.27112463,74.01052632,1.279999971,1,0,0,0,2011940,8
2011,946,0,0,0,1,NA,Kiribati,NA,NA,NA,NA,NA,NA,NA,NA,NA,NA,NA,NA,NA,NA,0,0,0,NA,0,NA,-0.3,4.925961265,11815.60645,8,99,0,0,NA,NA,NA,NA,NA,NA,104728,158610338.3,1514.497921,1.594561102,11.55912179,18.88196105,7.322839258,0,0,0,0.049099359,-3.00E-06,11.81560645,11.55912179,11.55912179,NA,NA,NA,NA,0,0,NA,29.27399381,NA,1,0,0,1,2011946,0
2011,947,0,0.1,0,1,2,Tuvalu,TUV,East Asia and Oceania,3,Upper Middle Income Country,7,DOD,1,Government,Security system management and reform,2,Military,3,1,Counter-Terrorism,0,0,1,1,0,NA,-0.119,5.377,12047.30176,8,10,0,0,NA,NA,NA,NA,NA,NA,10633,34216631.25,3217.965885,7.515954206,9.271717652,17.34822238,8.076504726,0,0,0,0.098107587,-1.19E-06,12.04730176,9.271717652,9.271717652,NA,NA,NA,NA,0,0,10.27112463,74.01052632,NA,1,0,0,1,2011947,0
2011,950,0,0.3,0,1,2,Fiji,FJI,East Asia and Oceania,3,Upper Middle Income Country,7,DOD,1,Government,Security system management and reform,2,Military,3,1,Counter-Terrorism,0,0,1,1,0,NA,402.2998121,3103.652843,12785.54004,5,868,-0.009,4,4,-4,4,0,2,3500,863449,3225464092,3735.558315,2.705143029,13.66869011,21.89434268,8.225652568,0,0,0,0.166252585,0.004022998,12.78554004,13.66869011,13.66869011,0.205,0.214,0.342,0.761,NA,62,10.27112463,74.01052632,NA,1,0,0,1,2011950,-4
2011,955,0,0,0,1,NA,Tonga,NA,NA,NA,NA,NA,NA,NA,NA,NA,NA,NA,NA,NA,NA,0,0,0,NA,0,NA,43.78379942,264.007,12455.55859,8,105,0,0,NA,NA,NA,NA,NA,NA,103562,379775900.6,3667.135635,2.785145889,11.54792575,19.7550919,8.207166155,0,0,0,0.160875713,0.000437838,12.45555859,11.54792575,11.54792575,NA,NA,NA,NA,0,0,NA,29.27399381,1.919999957,1,0,0,1,2011955,0
2011,970,0,0,0,1,NA,Nauru,NA,NA,NA,NA,NA,NA,NA,NA,NA,NA,NA,NA,NA,NA,0,0,0,NA,0,NA,NA,NA,12463.3877,8,10,0,0,NA,NA,NA,NA,NA,NA,10057,54988764.24,5467.710474,11.68452207,9.216024188,17.82263944,8.606615247,0,0,0,0.179905634,NA,12.4633877,9.216024188,9.216024188,NA,NA,NA,NA,0,0,NA,29.27399381,NA,0,0,0,1,2011970,0
2011,983,0,0,0,1,NA,Marshall Islands,NA,NA,NA,NA,NA,NA,NA,NA,NA,NA,NA,NA,NA,NA,0,0,0,NA,0,NA,-4.381,121.493,11523.3916,8,52,0,0,NA,NA,NA,NA,NA,NA,56531,160938502.2,2846.907046,-0.75614346,10.94254444,18.89653288,7.953988437,0,0,0,0.271305097,-4.38E-05,11.5233916,10.94254444,10.94254444,NA,NA,NA,NA,0,0,NA,29.27399381,NA,0,0,0,0,2011983,0
2011,986,0,0,0,1,NA,Palau,NA,NA,NA,NA,NA,NA,NA,NA,NA,NA,NA,NA,NA,NA,0,0,0,NA,0,NA,8.32612703,246.2392491,13939.87305,8,21,0,0,NA,NA,NA,NA,NA,NA,17745,192427147.4,10844.02071,4.865616251,9.783859065,19.07522819,9.29136912,0,0,0,0.22791412,8.33E-05,13.93987305,9.783859065,9.783859065,NA,NA,NA,NA,0,0,NA,29.27399381,NA,0,0,0,0,2011986,0
2011,987,0,0,0,1,NA,Federated States of Micronesia,NA,NA,NA,NA,NA,NA,NA,NA,NA,NA,NA,NA,NA,NA,0,0,0,NA,0,NA,NA,5.708948,12515.13184,7,500,0,0,NA,NA,NA,NA,NA,NA,103450,306412349.6,2961.936681,3.188555315,11.54684368,19.5404423,7.993598617,0,0,0,0.260444163,0.000202093,12.51513184,11.54684368,11.54684368,NA,NA,NA,NA,0,0,NA,29.27399381,NA,0,0,0,0,2011987,0
2011,990,0,0,0,1,NA,Samoa,NA,NA,NA,NA,NA,NA,NA,NA,NA,NA,NA,NA,NA,NA,0,0,0,NA,0,NA,14.87285488,230.7826823,13049.80078,7,187,0,0,NA,NA,NA,NA,NA,NA,187469,690837872.4,3685.077919,4.173394085,12.14136878,20.35341573,8.212046949,0,0,0,0.277445073,0.000148729,13.04980078,12.14136878,12.14136878,NA,NA,NA,NA,0,0,NA,29.27399381,5.679999828,0,0,0,0,2011990,0
